molecule,gene,start1,end1,start,end,direction1,direction,protein
GCA_002238765.1_ASM223876v1,arb,0,1,0,1,1,1,
GCA_002238765.1_ASM223876v1,ERG6,1,1035,10142,11176,-1,1,MPMZ01000005.1_15
GCA_002238765.1_ASM223876v1,ERG6,1893,2924,8253,9284,1,-1,MPMZ01000005.1_16
GCA_002238765.1_ASM223876v1,HP_or_non-steroid_gene,2925,3029,8148,8252,1,-1,MPMZ01000005.1_17
GCA_002238765.1_ASM223876v1,ERG7,3014,6439,4738,8163,-1,1,MPMZ01000005.1_18
GCA_002238765.1_ASM223876v1,CYP51,6436,7845,3332,4741,-1,1,MPMZ01000005.1_19
GCA_002238765.1_ASM223876v1,ERG24,7857,8951,2226,3320,-1,1,MPMZ01000005.1_20
GCA_002238765.1_ASM223876v1,HP_or_non-steroid_gene,8938,10065,1112,2239,-1,1,MPMZ01000005.1_21
GCA_002238765.1_ASM223876v1,DFR,10058,11176,1,1119,-1,1,MPMZ01000005.1_22
GCA_002239025.1_ASM223902v1,arb,0,1,0,1,1,1,
GCA_002239025.1_ASM223902v1,ERG6,1,1032,8158,9189,1,-1,MPNM01000011.1_18
GCA_002239025.1_ASM223902v1,ERG7,1063,4419,4771,8127,-1,1,MPNM01000011.1_19
GCA_002239025.1_ASM223902v1,CYP51,4416,5729,3461,4774,-1,1,MPNM01000011.1_20
GCA_002239025.1_ASM223902v1,ERG24,5837,6946,2244,3353,-1,1,MPNM01000011.1_21
GCA_002239025.1_ASM223902v1,HP_or_non-steroid_gene,6939,8048,1142,2251,-1,1,MPNM01000011.1_22
GCA_002239025.1_ASM223902v1,DFR,8095,9189,1,1095,-1,1,MPNM01000011.1_23
GCA_002239045.1_ASM223904v1,arb,0,1,0,1,1,1,
GCA_002239045.1_ASM223904v1,ERG24,1,1161,1242,2402,-1,1,MPNN01000008.1_51
GCA_002239045.1_ASM223904v1,ERG24,1263,2402,1,1140,-1,1,MPNN01000008.1_52
GCA_002699025.1_ASM269902v1,arb,0,1,0,1,1,1,
GCA_002699025.1_ASM269902v1,ERG6,1,1056,10425,11480,-1,1,PABA01000070.1_6
GCA_002699025.1_ASM269902v1,ERG6,1292,2284,9197,10189,-1,1,PABA01000070.1_7
GCA_002699025.1_ASM269902v1,ERG7,2362,4515,6966,9119,-1,1,PABA01000070.1_8
GCA_002699025.1_ASM269902v1,HP_or_non-steroid_gene,4633,6048,5433,6848,-1,1,PABA01000070.1_9
GCA_002699025.1_ASM269902v1,HP_or_non-steroid_gene,6050,7186,4295,5431,-1,1,PABA01000070.1_10
GCA_002699025.1_ASM269902v1,DFR,7255,8364,3117,4226,-1,1,PABA01000070.1_11
GCA_002699025.1_ASM269902v1,FDFT1,8379,11480,1,3102,-1,1,PABA01000070.1_12
GCA_002703625.1_ASM270362v1,arb,0,1,0,1,1,1,
GCA_002703625.1_ASM270362v1,ERG6,1,996,8971,9966,-1,1,NZUS01000048.1_26
GCA_002703625.1_ASM270362v1,ERG7,993,3077,6890,8974,-1,1,NZUS01000048.1_27
GCA_002703625.1_ASM270362v1,HP_or_non-steroid_gene,3078,4442,5525,6889,-1,1,NZUS01000048.1_28
GCA_002703625.1_ASM270362v1,HP_or_non-steroid_gene,4439,5581,4386,5528,-1,1,NZUS01000048.1_29
GCA_002703625.1_ASM270362v1,DFR,5742,6848,3119,4225,-1,1,NZUS01000048.1_30
GCA_002703625.1_ASM270362v1,FDFT1,6862,9966,1,3105,-1,1,NZUS01000048.1_31
GCA_002719955.1_ASM271995v1,arb,0,1,0,1,1,1,
GCA_002719955.1_ASM271995v1,DFR,1,1014,3597,4610,-1,1,PBFW01000002.1_60
GCA_002719955.1_ASM271995v1,HP_or_non-steroid_gene,1011,2123,2488,3600,-1,1,PBFW01000002.1_61
GCA_002719955.1_ASM271995v1,HP_or_non-steroid_gene,2315,2875,1736,2296,-1,1,PBFW01000002.1_62
GCA_002719955.1_ASM271995v1,CYP51,2955,4610,1,1656,-1,1,PBFW01000002.1_63
GCA_009835985.1_ASM983598v1,arb,0,1,0,1,1,1,
GCA_009835985.1_ASM983598v1,FDFT1,1,1044,1,1044,1,1,VXWI01000036.1_122
GCA_009835985.1_ASM983598v1,FDFT1,1041,2093,1041,2093,1,1,VXWI01000036.1_123
GCA_009836145.1_ASM983614v1,arb,0,1,0,1,1,1,
GCA_009836145.1_ASM983614v1,DFR,1,1050,1,1050,1,1,VXWC01000100.1_1
GCA_009836145.1_ASM983614v1,HP_or_non-steroid_gene,1043,2170,1043,2170,1,1,VXWC01000100.1_2
GCA_009836145.1_ASM983614v1,ERG24,2226,3257,2226,3257,1,1,VXWC01000100.1_3
GCA_009836145.1_ASM983614v1,CYP51,3269,4678,3269,4678,1,1,VXWC01000100.1_4
GCA_009836145.1_ASM983614v1,ERG7,4675,8055,4675,8055,1,1,VXWC01000100.1_5
GCA_009836525.1_ASM983652v1,arb,0,1,0,1,1,1,
GCA_009836525.1_ASM983652v1,DFR,1,1125,1,1125,1,1,VXVH01000129.1_36
GCA_009836525.1_ASM983652v1,HP_or_non-steroid_gene,1122,2219,1122,2219,1,1,VXVH01000129.1_37
GCA_009836525.1_ASM983652v1,ERG24,2206,3306,2206,3306,1,1,VXVH01000129.1_38
GCA_009836525.1_ASM983652v1,CYP51,3315,4724,3315,4724,1,1,VXVH01000129.1_39
GCA_009836525.1_ASM983652v1,ERG7,4721,8137,4721,8137,1,1,VXVH01000129.1_40
GCA_009836525.1_ASM983652v1,ERG6,8201,9256,8201,9256,-1,-1,VXVH01000129.1_41
GCA_009836695.1_ASM983669v1,arb,0,1,0,1,1,1,
GCA_009836695.1_ASM983669v1,ERG24,1,1098,1,1098,1,1,VXUY01000022.1_36
GCA_009836695.1_ASM983669v1,CYP51,1131,2519,1131,2519,1,1,VXUY01000022.1_37
GCA_009836695.1_ASM983669v1,ERG7,2516,5872,2516,5872,1,1,VXUY01000022.1_38
GCA_009837925.1_ASM983792v1,arb,0,1,0,1,1,1,
GCA_009837925.1_ASM983792v1,ERG24,1,1140,1,1140,1,1,VXSQ01000019.1_107
GCA_009837925.1_ASM983792v1,ERG6,1228,2229,1228,2229,-1,-1,VXSQ01000019.1_108
GCA_009837925.1_ASM983792v1,HP_or_non-steroid_gene,2468,3814,2468,3814,1,1,VXSQ01000019.1_109
GCA_009837925.1_ASM983792v1,ERG6,4088,5089,4088,5089,1,1,VXSQ01000019.1_110
GCA_009838525.1_ASM983852v1,arb,0,1,0,1,1,1,
GCA_009838525.1_ASM983852v1,FDFT1,1,1062,1047,2108,-1,1,VXRJ01000035.1_304
GCA_009838525.1_ASM983852v1,FDFT1,1062,2108,1,1047,-1,1,VXRJ01000035.1_305
GCA_009838875.1_ASM983887v1,arb,0,1,0,1,1,1,
GCA_009838875.1_ASM983887v1,ERG24,1,1137,1270,2406,-1,1,VXQS01000008.1_340
GCA_009838875.1_ASM983887v1,ERG24,1177,2406,1,1230,-1,1,VXQS01000008.1_341
GCA_009839635.1_ASM983963v1,arb,0,1,0,1,1,1,
GCA_009839635.1_ASM983963v1,DFR,1,1143,1,1143,1,1,VXPJ01000092.1_2
GCA_009839635.1_ASM983963v1,HP_or_non-steroid_gene,1140,2237,1140,2237,1,1,VXPJ01000092.1_3
GCA_009839635.1_ASM983963v1,ERG24,2218,3324,2218,3324,1,1,VXPJ01000092.1_4
GCA_009839635.1_ASM983963v1,CYP51,3334,4740,3334,4740,1,1,VXPJ01000092.1_5
GCA_009839635.1_ASM983963v1,ERG7,4737,8177,4737,8177,1,1,VXPJ01000092.1_6
GCA_009839635.1_ASM983963v1,ERG6,8219,9277,8219,9277,-1,-1,VXPJ01000092.1_7
GCA_009839725.1_ASM983972v1,arb,0,1,0,1,1,1,
GCA_009839725.1_ASM983972v1,DFR,1,1098,1,1098,1,1,VXPF01000082.1_16
GCA_009839725.1_ASM983972v1,HP_or_non-steroid_gene,1144,2253,1144,2253,1,1,VXPF01000082.1_17
GCA_009839725.1_ASM983972v1,ERG24,2246,3343,2246,3343,1,1,VXPF01000082.1_18
GCA_009839725.1_ASM983972v1,CYP51,3370,4758,3370,4758,1,1,VXPF01000082.1_19
GCA_009839725.1_ASM983972v1,ERG7,4755,8102,4755,8102,1,1,VXPF01000082.1_20
GCA_009839725.1_ASM983972v1,ERG6,8130,9158,8130,9158,-1,-1,VXPF01000082.1_21
GCA_009840105.1_ASM984010v1,arb,0,1,0,1,1,1,
GCA_009840105.1_ASM984010v1,ERG24,1,1230,1,1230,1,1,VXOK01000009.1_26
GCA_009840105.1_ASM984010v1,ERG24,1270,2406,1270,2406,1,1,VXOK01000009.1_27
GCA_009840285.1_ASM984028v1,arb,0,1,0,1,1,1,
GCA_009840285.1_ASM984028v1,ERG6,1,1035,11592,12626,-1,1,VXOF01000092.1_6
GCA_009840285.1_ASM984028v1,HP_or_non-steroid_gene,1128,2156,10471,11499,-1,1,VXOF01000092.1_7
GCA_009840285.1_ASM984028v1,HP_or_non-steroid_gene,2293,3183,9444,10334,-1,1,VXOF01000092.1_8
GCA_009840285.1_ASM984028v1,ERG6,3335,4414,8213,9292,1,-1,VXOF01000092.1_9
GCA_009840285.1_ASM984028v1,ERG7,4458,7883,4744,8169,-1,1,VXOF01000092.1_10
GCA_009840285.1_ASM984028v1,CYP51,7880,9289,3338,4747,-1,1,VXOF01000092.1_11
GCA_009840285.1_ASM984028v1,ERG24,9301,10401,2226,3326,-1,1,VXOF01000092.1_12
GCA_009840285.1_ASM984028v1,HP_or_non-steroid_gene,10388,11515,1112,2239,-1,1,VXOF01000092.1_13
GCA_009840285.1_ASM984028v1,DFR,11508,12626,1,1119,-1,1,VXOF01000092.1_14
GCA_009840315.1_ASM984031v1,arb,0,1,0,1,1,1,
GCA_009840315.1_ASM984031v1,ERG7,1,3357,4914,8270,-1,1,VXOA01000026.1_2
GCA_009840315.1_ASM984031v1,CYP51,3354,4742,3529,4917,-1,1,VXOA01000026.1_3
GCA_009840315.1_ASM984031v1,ERG24,4775,5872,2399,3496,-1,1,VXOA01000026.1_4
GCA_009840315.1_ASM984031v1,HP_or_non-steroid_gene,5927,7129,1142,2344,-1,1,VXOA01000026.1_5
GCA_009840315.1_ASM984031v1,DFR,7176,8270,1,1095,-1,1,VXOA01000026.1_6
GCA_009840385.1_ASM984038v1,arb,0,1,0,1,1,1,
GCA_009840385.1_ASM984038v1,ERG6,1,1002,1228,2229,1,-1,VXNX01000013.1_69
GCA_009840385.1_ASM984038v1,ERG24,1090,2229,1,1140,-1,1,VXNX01000013.1_70
GCA_009840555.1_ASM984055v1,arb,0,1,0,1,1,1,
GCA_009840555.1_ASM984055v1,ERG24,1,1140,1340,2479,-1,1,VXNN01000011.1_30
GCA_009840555.1_ASM984055v1,ERG24,1340,2479,1,1140,-1,1,VXNN01000011.1_31
GCA_009840635.1_ASM984063v1,arb,0,1,0,1,1,1,
GCA_009840635.1_ASM984063v1,FDFT1,1,1050,1047,2096,-1,1,VXNL01000065.1_14
GCA_009840635.1_ASM984063v1,FDFT1,1050,2096,1,1047,-1,1,VXNL01000065.1_15
GCA_009840735.1_ASM984073v1,arb,0,1,0,1,1,1,
GCA_009840735.1_ASM984073v1,ERG7,1,3372,6549,9920,-1,1,VXNF01000058.1_20
GCA_009840735.1_ASM984073v1,CYP51,3369,4778,5143,6552,-1,1,VXNF01000058.1_21
GCA_009840735.1_ASM984073v1,ERG24,4786,5892,4029,5135,-1,1,VXNF01000058.1_22
GCA_009840735.1_ASM984073v1,HP_or_non-steroid_gene,5873,7012,2909,4048,-1,1,VXNF01000058.1_23
GCA_009840735.1_ASM984073v1,DFR,7009,8148,1773,2912,-1,1,VXNF01000058.1_24
GCA_009840735.1_ASM984073v1,ERG2,8337,8897,1024,1584,-1,1,VXNF01000058.1_25
GCA_009840735.1_ASM984073v1,ERG6,8901,9920,1,1020,-1,1,VXNF01000058.1_26
GCA_009840825.1_ASM984082v1,arb,0,1,0,1,1,1,
GCA_009840825.1_ASM984082v1,ERG6,1,1002,1226,2227,1,-1,VXNA01000016.1_17
GCA_009840825.1_ASM984082v1,ERG24,1088,2227,1,1140,-1,1,VXNA01000016.1_18
GCA_009841055.1_ASM984105v1,arb,0,1,0,1,1,1,
GCA_009841055.1_ASM984105v1,FDFT1,1,1047,1,1047,1,1,VXMN01000049.1_3
GCA_009841055.1_ASM984105v1,FDFT1,1044,2090,1044,2090,1,1,VXMN01000049.1_4
GCA_009841545.1_ASM984154v1,arb,0,1,0,1,1,1,
GCA_009841545.1_ASM984154v1,ERG7,1,3357,4759,8115,-1,1,VXLP01000009.1_5
GCA_009841545.1_ASM984154v1,CYP51,3354,4742,3374,4762,-1,1,VXLP01000009.1_6
GCA_009841545.1_ASM984154v1,ERG24,4775,5872,2244,3341,-1,1,VXLP01000009.1_7
GCA_009841545.1_ASM984154v1,HP_or_non-steroid_gene,5865,6974,1142,2251,-1,1,VXLP01000009.1_8
GCA_009841545.1_ASM984154v1,DFR,7021,8115,1,1095,-1,1,VXLP01000009.1_9
GCA_009842405.1_ASM984240v1,arb,0,1,0,1,1,1,
GCA_009842405.1_ASM984240v1,ERG7,1,3408,4768,8175,-1,1,VYFJ01000009.1_2
GCA_009842405.1_ASM984240v1,CYP51,3405,4793,3383,4771,-1,1,VYFJ01000009.1_3
GCA_009842405.1_ASM984240v1,ERG24,4826,5923,2253,3350,-1,1,VYFJ01000009.1_4
GCA_009842405.1_ASM984240v1,HP_or_non-steroid_gene,5916,7013,1163,2260,-1,1,VYFJ01000009.1_5
GCA_009842405.1_ASM984240v1,DFR,7081,8175,1,1095,-1,1,VYFJ01000009.1_6
GCA_009842505.1_ASM984250v1,arb,0,1,0,1,1,1,
GCA_009842505.1_ASM984250v1,DFR,1,1146,1,1146,1,1,VYFG01000099.1_2
GCA_009842505.1_ASM984250v1,HP_or_non-steroid_gene,1143,2225,1143,2225,1,1,VYFG01000099.1_3
GCA_009842505.1_ASM984250v1,ERG24,2222,3316,2222,3316,1,1,VYFG01000099.1_4
GCA_009842505.1_ASM984250v1,CYP51,3327,4748,3327,4748,1,1,VYFG01000099.1_5
GCA_009842505.1_ASM984250v1,ERG7,4745,8203,4745,8203,1,1,VYFG01000099.1_6
GCA_009842505.1_ASM984250v1,ERG6,8238,9299,8238,9299,-1,-1,VYFG01000099.1_7
GCA_009842675.1_ASM984267v1,arb,0,1,0,1,1,1,
GCA_009842675.1_ASM984267v1,ERG24,1,1137,1168,2304,-1,1,VYEX01000034.1_59
GCA_009842675.1_ASM984267v1,ERG24,1177,2304,1,1128,-1,1,VYEX01000034.1_60
GCA_009843525.1_ASM984352v1,arb,0,1,0,1,1,1,
GCA_009843525.1_ASM984352v1,ERG24,1,1134,1174,2307,-1,1,VYDH01000036.1_170
GCA_009843525.1_ASM984352v1,ERG24,1174,2307,1,1134,-1,1,VYDH01000036.1_171
GCA_009844085.1_ASM984408v1,arb,0,1,0,1,1,1,
GCA_009844085.1_ASM984408v1,FDFT1,1,1053,8029,9081,1,-1,VYCF01000065.1_13
GCA_009844085.1_ASM984408v1,ERG7,982,4455,4627,8100,-1,1,VYCF01000065.1_14
GCA_009844085.1_ASM984408v1,CYP51,4407,5759,3323,4675,-1,1,VYCF01000065.1_15
GCA_009844085.1_ASM984408v1,ERG24,5749,6852,2230,3333,-1,1,VYCF01000065.1_16
GCA_009844085.1_ASM984408v1,HP_or_non-steroid_gene,6839,7936,1146,2243,-1,1,VYCF01000065.1_17
GCA_009844085.1_ASM984408v1,DFR,7933,9081,1,1149,-1,1,VYCF01000065.1_18
GCA_009845885.1_ASM984588v1,arb,0,1,0,1,1,1,
GCA_009845885.1_ASM984588v1,DFR,1,1095,1,1095,1,1,VXYU01000059.1_1
GCA_009845885.1_ASM984588v1,HP_or_non-steroid_gene,1142,2251,1142,2251,1,1,VXYU01000059.1_2
GCA_009845885.1_ASM984588v1,ERG24,2244,3341,2244,3341,1,1,VXYU01000059.1_3
GCA_009845885.1_ASM984588v1,CYP51,3374,4762,3374,4762,1,1,VXYU01000059.1_4
GCA_009845885.1_ASM984588v1,ERG7,4759,8115,4759,8115,1,1,VXYU01000059.1_5
jk18x11bins.2,arb,0,1,0,1,1,1,
jk18x11bins.2,ERG6,1,1020,8718,9737,1,-1,k141_564894_16
jk18x11bins.2,ERG2,1017,1592,8146,8721,1,-1,k141_564894_17
jk18x11bins.2,ERG7,1485,5012,4726,8253,-1,1,k141_564894_18
jk18x11bins.2,CYP51,5009,6283,3455,4729,-1,1,k141_564894_19
jk18x11bins.2,ERG24,6431,7531,2207,3307,-1,1,k141_564894_20
jk18x11bins.2,HP_or_non-steroid_gene,7518,8624,1114,2220,-1,1,k141_564894_21
jk18x11bins.2,DFR,8670,9737,1,1068,-1,1,k141_564894_22
jk18x11bins.24,arb,0,1,0,1,1,1,
jk18x11bins.24,DFR,1,1125,1,1125,1,1,k141_562141_5
jk18x11bins.24,HP_or_non-steroid_gene,1122,2219,1122,2219,1,1,k141_562141_6
jk18x11bins.24,ERG24,2275,3306,2275,3306,1,1,k141_562141_7
jk18x11bins.24,CYP51,3315,4724,3315,4724,1,1,k141_562141_8
jk18x11bins.24,ERG7,4721,8155,4721,8155,1,1,k141_562141_9
jk18x11bins.24,ERG6,8559,9593,8559,9593,-1,-1,k141_562141_10
jk18x11bins.24,ERG6,9639,10658,9639,10658,-1,-1,k141_562141_11
jk18x11bins.24,ERG6,10720,11751,10720,11751,-1,-1,k141_562141_12
jk18x11bins.26,arb,0,1,0,1,1,1,
jk18x11bins.26,ERG7,1,1872,2896,4767,1,1,k141_427092_6
jk18x11bins.26,HP_or_non-steroid_gene,1973,3406,1362,2795,1,1,k141_427092_7
jk18x11bins.26,CYP51,3403,4767,1,1365,1,1,k141_427092_8
jk18x11bins.34,arb,0,1,0,1,1,1,
jk18x11bins.34,FDFT1,1,1041,8078,9118,1,-1,k141_1457093_9
jk18x11bins.34,ERG7,982,4425,4694,8137,-1,1,k141_1457093_10
jk18x11bins.34,CYP51,4377,5768,3351,4742,-1,1,k141_1457093_11
jk18x11bins.34,ERG24,5777,6847,2272,3342,-1,1,k141_1457093_12
jk18x11bins.34,HP_or_non-steroid_gene,6867,7973,1146,2252,-1,1,k141_1457093_13
jk18x11bins.34,DFR,7970,9118,1,1149,-1,1,k141_1457093_14
jk18x11bins.4,arb,0,1,0,1,1,1,
jk18x11bins.4,ERG24,1,1137,1168,2304,-1,1,k141_180899_9
jk18x11bins.4,ERG24,1177,2304,1,1128,-1,1,k141_180899_10
jk18x11bins.48,arb,0,1,0,1,1,1,
jk18x11bins.48,ERG6,1,1017,8113,9129,1,-1,k141_268402_14
jk18x11bins.48,ERG7,1021,4431,4699,8109,-1,1,k141_268402_15
jk18x11bins.48,CYP51,4437,5816,3314,4693,-1,1,k141_268402_16
jk18x11bins.48,ERG24,5825,6970,2160,3305,-1,1,k141_268402_17
jk18x11bins.48,HP_or_non-steroid_gene,6928,8043,1087,2202,-1,1,k141_268402_18
jk18x11bins.48,DFR,8056,9129,1,1074,-1,1,k141_268402_19
jk18x11bins.53,arb,0,1,0,1,1,1,
jk18x11bins.53,ERG6,1,906,8238,9143,1,-1,k141_1181153_1
jk18x11bins.53,ERG7,941,4399,4745,8203,-1,1,k141_1181153_2
jk18x11bins.53,CYP51,4396,5817,3327,4748,-1,1,k141_1181153_3
jk18x11bins.53,ERG24,5828,6922,2222,3316,-1,1,k141_1181153_4
jk18x11bins.53,HP_or_non-steroid_gene,6919,8001,1143,2225,-1,1,k141_1181153_5
jk18x11bins.53,DFR,7998,9143,1,1146,-1,1,k141_1181153_6
jk18x11bins.54,arb,0,1,0,1,1,1,
jk18x11bins.54,CYP51,1,1416,2248,3663,-1,1,k141_603158_5
jk18x11bins.54,HP_or_non-steroid_gene,1409,2542,1122,2255,-1,1,k141_603158_6
jk18x11bins.54,DFR,2539,3663,1,1125,-1,1,k141_603158_7
jk18x11bins.6,arb,0,1,0,1,1,1,
jk18x11bins.6,ERG24,1,1140,1,1140,1,1,k141_1198779_109
jk18x11bins.6,ERG6,1225,2253,1225,2253,-1,-1,k141_1198779_110
jk18x11bins.6,HP_or_non-steroid_gene,2471,3817,2471,3817,1,1,k141_1198779_111
jk18x11bins.6,ERG6,4068,5069,4068,5069,1,1,k141_1198779_112
jk18x1bzbins.11,arb,0,1,0,1,1,1,
jk18x1bzbins.11,DFR,1,1158,1,1158,1,1,k141_728604_56
jk18x1bzbins.11,HP_or_non-steroid_gene,1155,2243,1155,2243,1,1,k141_728604_57
jk18x1bzbins.11,ERG24,2230,3327,2230,3327,1,1,k141_728604_58
jk18x1bzbins.11,CYP51,3481,4752,3481,4752,1,1,k141_728604_59
jk18x1bzbins.11,ERG7,4757,8137,4757,8137,1,1,k141_728604_60
jk18x1bzbins.11,HP_or_non-steroid_gene,8192,9577,8192,9577,1,1,k141_728604_61
jk18x1bzbins.11,HP_or_non-steroid_gene,9594,10328,9594,10328,-1,-1,k141_728604_62
jk18x1bzbins.11,FDFT1,10335,11414,10335,11414,-1,-1,k141_728604_63
jk18x1bzbins.28,arb,0,1,0,1,1,1,
jk18x1bzbins.28,ERG6,1,1026,1,1026,1,1,k141_647276_149
jk18x1bzbins.28,HP_or_non-steroid_gene,986,2161,986,2161,-1,-1,k141_647276_150
jk18x1bzbins.28,ERG3,2177,3001,2177,3001,-1,-1,k141_647276_151
jk18x1bzbins.41,arb,0,1,0,1,1,1,
jk18x1bzbins.41,DFR,1,1095,1,1095,1,1,k141_709338_9
jk18x1bzbins.41,HP_or_non-steroid_gene,1154,2263,1154,2263,1,1,k141_709338_10
jk18x1bzbins.41,ERG24,2256,3353,2256,3353,1,1,k141_709338_11
jk18x1bzbins.41,CYP51,3386,4774,3386,4774,1,1,k141_709338_12
jk18x1bzbins.41,ERG7,4771,8127,4771,8127,1,1,k141_709338_13
jk18x1bzbins.41,ERG6,8152,9189,8152,9189,-1,-1,k141_709338_14
jk18x1bzbins.57,arb,0,1,0,1,1,1,
jk18x1bzbins.57,DFR,1,1173,1,1173,1,1,k141_970324_32
jk18x1bzbins.57,HP_or_non-steroid_gene,1170,2270,1170,2270,1,1,k141_970324_33
jk18x1bzbins.57,ERG24,2257,3357,2257,3357,1,1,k141_970324_34
jk18x1bzbins.57,CYP51,3369,4778,3369,4778,1,1,k141_970324_35
jk18x1bzbins.57,ERG7,4775,8161,4775,8161,1,1,k141_970324_36
jk18x1bzbins.57,HP_or_non-steroid_gene,8227,8961,8227,8961,-1,-1,k141_970324_37
jk18x1bzbins.57,ERG6,9323,10390,9323,10390,1,1,k141_970324_38
jk18x1bzbins.57,HP_or_non-steroid_gene,10391,10522,10391,10522,1,1,k141_970324_39
jk18x1bzbins.57,HP_or_non-steroid_gene,10474,11952,10474,11952,-1,-1,k141_970324_40
jk18x1bzbins.57,ERG6,12414,13448,12414,13448,1,1,k141_970324_41
jk18x1bzbins.60,arb,0,1,0,1,1,1,
jk18x1bzbins.60,ERG24,1,1140,1,1140,1,1,k141_1367184_9
jk18x1bzbins.60,ERG6,1229,2230,1229,2230,-1,-1,k141_1367184_10
jk18x1bzbins.60,HP_or_non-steroid_gene,2754,3323,2754,3323,-1,-1,k141_1367184_11
jk18x1bzbins.60,HP_or_non-steroid_gene,3595,4938,3595,4938,1,1,k141_1367184_12
jk18x1bzbins.60,ERG6,5084,6196,5084,6196,1,1,k141_1367184_13
jk18x1bzbins.61,arb,0,1,0,1,1,1,
jk18x1bzbins.61,ERG2,1,567,8171,8737,-1,1,k141_1020486_10
jk18x1bzbins.61,ERG7,564,3842,4896,8174,-1,1,k141_1020486_11
jk18x1bzbins.61,CYP51,3937,5346,3392,4801,-1,1,k141_1020486_12
jk18x1bzbins.61,ERG24,5355,6458,2280,3383,-1,1,k141_1020486_13
jk18x1bzbins.61,HP_or_non-steroid_gene,6445,7584,1154,2293,-1,1,k141_1020486_14
jk18x1bzbins.61,DFR,7625,8737,1,1113,-1,1,k141_1020486_15
jk18x1bzbins.64,arb,0,1,0,1,1,1,
jk18x1bzbins.64,FDFT1,1,1050,1,1050,1,1,k141_1438758_7
jk18x1bzbins.64,FDFT1,1047,2099,1047,2099,1,1,k141_1438758_8
jk18x1bzbins.7,arb,0,1,0,1,1,1,
jk18x1bzbins.7,FDFT1,1,1047,987,2033,-1,1,k141_142666_42
jk18x1bzbins.7,FDFT1,1044,2033,1,990,-1,1,k141_142666_43
jk18x1bzbins.74,arb,0,1,0,1,1,1,
jk18x1bzbins.74,ERG24,1,1128,1,1128,1,1,k141_306861_17
jk18x1bzbins.74,ERG24,1168,2304,1168,2304,1,1,k141_306861_18
jk18x1bzbins.74,ERG24,2344,3483,2344,3483,1,1,k141_306861_19
jk18x1bzbins.75,arb,0,1,0,1,1,1,
jk18x1bzbins.75,ERG6,1,1032,8194,9225,1,-1,k141_772177_4
jk18x1bzbins.75,ERG7,1092,4505,4721,8134,-1,1,k141_772177_5
jk18x1bzbins.75,CYP51,4502,5911,3315,4724,-1,1,k141_772177_6
jk18x1bzbins.75,ERG24,5920,7020,2206,3306,-1,1,k141_772177_7
jk18x1bzbins.75,HP_or_non-steroid_gene,7007,8104,1122,2219,-1,1,k141_772177_8
jk18x1bzbins.75,DFR,8101,9225,1,1125,-1,1,k141_772177_9
jk18x1bzbins.81,arb,0,1,0,1,1,1,
jk18x1bzbins.81,ERG7,1,3393,4697,8089,-1,1,k141_87023_2
jk18x1bzbins.81,CYP51,3390,4787,3303,4700,-1,1,k141_87023_3
jk18x1bzbins.81,ERG24,4796,5872,2218,3294,-1,1,k141_87023_4
jk18x1bzbins.81,HP_or_non-steroid_gene,5874,6980,1110,2216,-1,1,k141_87023_5
jk18x1bzbins.81,DFR,6977,8089,1,1113,-1,1,k141_87023_6
jk18x1bzbins.9,arb,0,1,0,1,1,1,
jk18x1bzbins.9,ERG24,1,1140,1,1140,1,1,k141_293875_172
jk18x1bzbins.9,ERG24,1276,2415,1276,2415,1,1,k141_293875_173
jk18x22bins.103,arb,0,1,0,1,1,1,
jk18x22bins.103,CYP51,1,1125,1,1125,1,1,k141_311910_1
jk18x22bins.103,ERG7,1122,4580,1122,4580,1,1,k141_311910_2
jk18x22bins.103,ERG6,4615,5676,4615,5676,-1,-1,k141_311910_3
jk18x22bins.18,arb,0,1,0,1,1,1,
jk18x22bins.18,ERG6,1,1032,8686,9717,1,-1,k141_782728_6
jk18x22bins.18,ERG2,1033,1584,8134,8685,1,-1,k141_782728_7
jk18x22bins.18,ERG7,1616,5011,4707,8102,-1,1,k141_782728_8
jk18x22bins.18,CYP51,5008,6279,3439,4710,-1,1,k141_782728_9
jk18x22bins.18,ERG24,6406,7431,2287,3312,-1,1,k141_782728_10
jk18x22bins.18,HP_or_non-steroid_gene,7478,8575,1143,2240,-1,1,k141_782728_11
jk18x22bins.18,DFR,8572,9717,1,1146,-1,1,k141_782728_12
jk18x22bins.20,arb,0,1,0,1,1,1,
jk18x22bins.20,ERG24,1,1137,1168,2304,-1,1,k141_566634_76
jk18x22bins.20,ERG24,1177,2304,1,1128,-1,1,k141_566634_77
jk18x22bins.30,arb,0,1,0,1,1,1,
jk18x22bins.30,ERG6,1,1056,8262,9317,1,-1,k141_14565_28
jk18x22bins.30,ERG7,1157,4543,4775,8161,-1,1,k141_14565_29
jk18x22bins.30,CYP51,4540,5949,3369,4778,-1,1,k141_14565_30
jk18x22bins.30,ERG24,5958,7061,2257,3360,-1,1,k141_14565_31
jk18x22bins.30,HP_or_non-steroid_gene,7048,8175,1143,2270,-1,1,k141_14565_32
jk18x22bins.30,DFR,8172,9317,1,1146,-1,1,k141_14565_33
jk18x22bins.31,arb,0,1,0,1,1,1,
jk18x22bins.31,ERG7,1,3408,4709,8116,-1,1,k141_125794_2
jk18x22bins.31,CYP51,3405,4817,3300,4712,-1,1,k141_125794_3
jk18x22bins.31,ERG24,4826,5926,2191,3291,-1,1,k141_125794_4
jk18x22bins.31,HP_or_non-steroid_gene,5913,7013,1104,2204,-1,1,k141_125794_5
jk18x22bins.31,DFR,7010,8116,1,1107,-1,1,k141_125794_6
jk18x22bins.33,arb,0,1,0,1,1,1,
jk18x22bins.33,FDFT1,1,1044,1,1044,1,1,k141_223806_3
jk18x22bins.33,FDFT1,1044,2093,1044,2093,1,1,k141_223806_4
jk18x22bins.41,arb,0,1,0,1,1,1,
jk18x22bins.41,DFR,1,1161,1,1161,1,1,k141_813214_2
jk18x22bins.41,HP_or_non-steroid_gene,1158,2255,1158,2255,1,1,k141_813214_3
jk18x22bins.41,ERG24,2242,3195,2242,3195,1,1,k141_813214_4
jk18x22bins.41,CYP51,3351,4760,3351,4760,1,1,k141_813214_5
jk18x22bins.41,ERG7,4757,8191,4757,8191,1,1,k141_813214_6
jk18x22bins.41,ERG6,8139,9170,8139,9170,-1,-1,k141_813214_7
jk18x22bins.52,arb,0,1,0,1,1,1,
jk18x22bins.52,FDFT1,1,1059,8068,9126,1,-1,k141_262221_12
jk18x22bins.52,ERG7,1056,4460,4667,8071,-1,1,k141_262221_13
jk18x22bins.52,CYP51,4412,5797,3330,4715,-1,1,k141_262221_14
jk18x22bins.52,ERG24,5806,6909,2218,3321,-1,1,k141_262221_15
jk18x22bins.52,HP_or_non-steroid_gene,6896,7993,1134,2231,-1,1,k141_262221_16
jk18x22bins.52,DFR,7990,9126,1,1137,-1,1,k141_262221_17
jk18x22bins.55,arb,0,1,0,1,1,1,
jk18x22bins.55,ERG3,1,825,2195,3019,1,-1,k141_785876_25
jk18x22bins.55,HP_or_non-steroid_gene,841,2034,986,2179,1,-1,k141_785876_26
jk18x22bins.55,ERG6,1994,3019,1,1026,-1,1,k141_785876_27
jk18x22bins.60,arb,0,1,0,1,1,1,
jk18x22bins.60,DFR,1,1152,1,1152,1,1,k141_221542_18
jk18x22bins.60,HP_or_non-steroid_gene,1149,2258,1149,2258,1,1,k141_221542_19
jk18x22bins.60,ERG24,2221,3348,2221,3348,1,1,k141_221542_20
jk18x22bins.60,CYP51,3357,4748,3357,4748,1,1,k141_221542_21
jk18x22bins.60,ERG7,4700,8143,4700,8143,1,1,k141_221542_22
jk18x22bins.60,FDFT1,8084,9124,8084,9124,-1,-1,k141_221542_23
jk18x22bins.66,arb,0,1,0,1,1,1,
jk18x22bins.66,ERG6,1,1014,8111,9124,1,-1,k141_431527_6
jk18x22bins.66,ERG7,968,4429,4696,8157,-1,1,k141_431527_7
jk18x22bins.66,CYP51,4435,5814,3311,4690,-1,1,k141_431527_8
jk18x22bins.66,ERG24,5823,6965,2160,3302,-1,1,k141_431527_9
jk18x22bins.66,HP_or_non-steroid_gene,6923,8038,1087,2202,-1,1,k141_431527_10
jk18x22bins.66,DFR,8051,9124,1,1074,-1,1,k141_431527_11
jk18x22bins.70,arb,0,1,0,1,1,1,
jk18x22bins.70,ERG6,1,1065,1,1065,1,1,k141_302942_19
jk18x22bins.70,HP_or_non-steroid_gene,1104,3131,1104,3131,-1,-1,k141_302942_20
jk18x22bins.70,HP_or_non-steroid_gene,3446,4378,3446,4378,1,1,k141_302942_21
jk18x22bins.70,HP_or_non-steroid_gene,4388,5686,4388,5686,-1,-1,k141_302942_22
jk18x22bins.70,HP_or_non-steroid_gene,5851,6249,5851,6249,-1,-1,k141_302942_23
jk18x22bins.70,ERG24,6510,7649,6510,7649,1,1,k141_302942_24
jk18x22bins.70,ERG24,7774,8913,7774,8913,1,1,k141_302942_25
jk18x22bins.71,arb,0,1,0,1,1,1,
jk18x22bins.71,DFR,1,1173,1,1173,1,1,k141_622183_47
jk18x22bins.71,HP_or_non-steroid_gene,1170,2270,1170,2270,1,1,k141_622183_48
jk18x22bins.71,ERG24,2257,3357,2257,3357,1,1,k141_622183_49
jk18x22bins.71,CYP51,3369,4778,3369,4778,1,1,k141_622183_50
jk18x22bins.71,ERG7,4775,8161,4775,8161,1,1,k141_622183_51
jk18x22bins.80,arb,0,1,0,1,1,1,
jk18x22bins.80,DFR,1,1095,1,1095,1,1,k141_124588_43
jk18x22bins.80,HP_or_non-steroid_gene,1142,2254,1142,2254,1,1,k141_124588_44
jk18x22bins.80,ERG24,2247,3344,2247,3344,1,1,k141_124588_45
jk18x22bins.80,CYP51,3378,4766,3378,4766,1,1,k141_124588_46
jk18x22bins.80,ERG7,4763,8110,4763,8110,1,1,k141_124588_47
jk18x22bins.80,ERG6,8123,9154,8123,9154,-1,-1,k141_124588_48
jk18x22bins.80,DFR,9382,10470,9382,10470,1,1,k141_124588_49
jk18x25bins.14,arb,0,1,0,1,1,1,
jk18x25bins.14,ERG6,1,1050,9972,11021,-1,1,k141_356029_202
jk18x25bins.14,HP_or_non-steroid_gene,1188,2564,8458,9834,-1,1,k141_356029_203
jk18x25bins.14,ERG7,2792,6187,4835,8230,-1,1,k141_356029_204
jk18x25bins.14,CYP51,6184,7590,3432,4838,-1,1,k141_356029_205
jk18x25bins.14,ERG24,7599,8708,2314,3423,-1,1,k141_356029_206
jk18x25bins.14,HP_or_non-steroid_gene,8689,9810,1212,2333,-1,1,k141_356029_207
jk18x25bins.14,DFR,9873,11021,1,1149,-1,1,k141_356029_208
jk18x25bins.17,arb,0,1,0,1,1,1,
jk18x25bins.17,ERG2,1,624,1,624,1,1,k141_721254_39
jk18x25bins.17,HP_or_non-steroid_gene,927,1706,927,1706,1,1,k141_721254_40
jk18x25bins.17,HP_or_non-steroid_gene,1639,2286,1639,2286,-1,-1,k141_721254_41
jk18x25bins.17,DFR,2304,3299,2304,3299,1,1,k141_721254_42
jk18x25bins.22,arb,0,1,0,1,1,1,
jk18x25bins.22,CYP51,1,1410,3315,4724,-1,1,k141_179676_2
jk18x25bins.22,ERG24,1419,2519,2206,3306,-1,1,k141_179676_3
jk18x25bins.22,HP_or_non-steroid_gene,2506,3603,1122,2219,-1,1,k141_179676_4
jk18x25bins.22,DFR,3600,4724,1,1125,-1,1,k141_179676_5
jk18x25bins.5,arb,0,1,0,1,1,1,
jk18x25bins.5,ERG6,1,1050,8221,9270,-1,1,k141_720591_11
jk18x25bins.5,ERG7,1110,4505,4766,8161,-1,1,k141_720591_12
jk18x25bins.5,CYP51,4502,5914,3357,4769,-1,1,k141_720591_13
jk18x25bins.5,ERG24,5923,7026,2245,3348,-1,1,k141_720591_14
jk18x25bins.5,HP_or_non-steroid_gene,7013,8122,1149,2258,-1,1,k141_720591_15
jk18x25bins.5,DFR,8119,9270,1,1152,-1,1,k141_720591_16
jk18x25bins.57,arb,0,1,0,1,1,1,
jk18x25bins.57,CYP51,1,1410,1,1410,1,1,k141_627755_2
jk18x25bins.57,ERG7,1407,4820,1407,4820,1,1,k141_627755_3
jk18x25bins.57,ERG6,4880,5911,4880,5911,-1,-1,k141_627755_4
jk18x25bins.61,arb,0,1,0,1,1,1,
jk18x25bins.61,DFR,1,1068,1,1068,1,1,k141_375062_26
jk18x25bins.61,HP_or_non-steroid_gene,1094,2218,1094,2218,1,1,k141_375062_27
jk18x25bins.61,ERG24,2205,3305,2205,3305,1,1,k141_375062_28
jk18x25bins.61,CYP51,3315,4727,3315,4727,1,1,k141_375062_29
jk18x25bins.61,ERG7,4724,8149,4724,8149,1,1,k141_375062_30
jk18x25bins.61,ERG2,8146,8721,8146,8721,-1,-1,k141_375062_31
jk18x25bins.61,ERG6,8718,9737,8718,9737,-1,-1,k141_375062_32
jk18x25bins.8,arb,0,1,0,1,1,1,
jk18x25bins.8,ERG7,1,3408,4709,8116,-1,1,k141_593342_3
jk18x25bins.8,CYP51,3405,4817,3300,4712,-1,1,k141_593342_4
jk18x25bins.8,ERG24,4826,5926,2191,3291,-1,1,k141_593342_5
jk18x25bins.8,HP_or_non-steroid_gene,5913,7013,1104,2204,-1,1,k141_593342_6
jk18x25bins.8,DFR,7010,8116,1,1107,-1,1,k141_593342_7
jk18x25bins.87,arb,0,1,0,1,1,1,
jk18x25bins.87,ERG6,1,1065,11113,12177,1,-1,k141_574470_45
jk18x25bins.87,HP_or_non-steroid_gene,1612,2430,9748,10566,1,-1,k141_574470_46
jk18x25bins.87,ERG6,2874,3935,8243,9304,1,-1,k141_574470_47
jk18x25bins.87,ERG7,4130,7510,4668,8048,-1,1,k141_574470_48
jk18x25bins.87,CYP51,7507,8895,3283,4671,-1,1,k141_574470_49
jk18x25bins.87,ERG24,8923,10023,2155,3255,-1,1,k141_574470_50
jk18x25bins.87,HP_or_non-steroid_gene,10016,11119,1059,2162,-1,1,k141_574470_51
jk18x25bins.87,DFR,11116,12177,1,1062,-1,1,k141_574470_52
jk18x25bins.9,arb,0,1,0,1,1,1,
jk18x25bins.9,ERG24,1,1098,1,1098,1,1,k141_642020_171
jk18x25bins.9,CYP51,1123,2511,1123,2511,1,1,k141_642020_172
jk18x25bins.9,ERG7,2508,5855,2508,5855,1,1,k141_642020_173
jk18x25bins.9,ERG6,5890,6921,5890,6921,-1,-1,k141_642020_174
jk18x27bins.11,arb,0,1,0,1,1,1,
jk18x27bins.11,ERG6,1,1032,8559,9590,1,-1,k141_1351695_3
jk18x27bins.11,ERG7,1421,4870,4721,8170,-1,1,k141_1351695_4
jk18x27bins.11,CYP51,4867,6276,3315,4724,-1,1,k141_1351695_5
jk18x27bins.11,ERG24,6285,7385,2206,3306,-1,1,k141_1351695_6
jk18x27bins.11,HP_or_non-steroid_gene,7372,8469,1122,2219,-1,1,k141_1351695_7
jk18x27bins.11,DFR,8466,9590,1,1125,-1,1,k141_1351695_8
jk18x27bins.16,arb,0,1,0,1,1,1,
jk18x27bins.16,DFR,1,1146,1,1146,1,1,k141_813727_2
jk18x27bins.16,HP_or_non-steroid_gene,1143,2225,1143,2225,1,1,k141_813727_3
jk18x27bins.16,ERG24,2222,3316,2222,3316,1,1,k141_813727_4
jk18x27bins.16,CYP51,3327,4748,3327,4748,1,1,k141_813727_5
jk18x27bins.16,ERG7,4745,8203,4745,8203,1,1,k141_813727_6
jk18x27bins.16,ERG6,8238,9299,8238,9299,-1,-1,k141_813727_7
jk18x27bins.25,arb,0,1,0,1,1,1,
jk18x27bins.25,DFR,1,1161,1,1161,1,1,k141_1081210_17
jk18x27bins.25,HP_or_non-steroid_gene,1158,2255,1158,2255,1,1,k141_1081210_18
jk18x27bins.25,ERG24,2242,3342,2242,3342,1,1,k141_1081210_19
jk18x27bins.25,CYP51,3351,4760,3351,4760,1,1,k141_1081210_20
jk18x27bins.25,ERG7,4757,8170,4757,8170,1,1,k141_1081210_21
jk18x27bins.25,ERG6,8230,9261,8230,9261,-1,-1,k141_1081210_22
jk18x27bins.27,arb,0,1,0,1,1,1,
jk18x27bins.27,ERG6,1,1050,9972,11021,-1,1,k141_29695_57
jk18x27bins.27,HP_or_non-steroid_gene,1188,2564,8458,9834,-1,1,k141_29695_58
jk18x27bins.27,ERG7,2792,6187,4835,8230,-1,1,k141_29695_59
jk18x27bins.27,CYP51,6184,7590,3432,4838,-1,1,k141_29695_60
jk18x27bins.27,ERG24,7599,8708,2314,3423,-1,1,k141_29695_61
jk18x27bins.27,HP_or_non-steroid_gene,8689,9810,1212,2333,-1,1,k141_29695_62
jk18x27bins.27,DFR,9873,11021,1,1149,-1,1,k141_29695_63
jk18x27bins.36,arb,0,1,0,1,1,1,
jk18x27bins.36,ERG2,1,576,907,1482,-1,1,k141_927435_11
jk18x27bins.36,ERG6,589,1482,1,894,-1,1,k141_927435_12
jk18x27bins.37,arb,0,1,0,1,1,1,
jk18x27bins.37,DFR,1,1107,1,1107,1,1,k141_433742_181
jk18x27bins.37,HP_or_non-steroid_gene,1104,2204,1104,2204,1,1,k141_433742_182
jk18x27bins.37,ERG24,2191,3291,2191,3291,1,1,k141_433742_183
jk18x27bins.37,CYP51,3300,4712,3300,4712,1,1,k141_433742_184
jk18x27bins.37,ERG7,4709,8116,4709,8116,1,1,k141_433742_185
jk18x27bins.38,arb,0,1,0,1,1,1,
jk18x27bins.38,DFR,764,1759,2217,3212,-1,1,k141_622169_27
jk18x27bins.38,HP_or_non-steroid_gene,1777,2424,1552,2199,1,-1,k141_622169_28
jk18x27bins.38,HP_or_non-steroid_gene,2357,3136,840,1619,-1,1,k141_622169_29
jk18x27bins.38,ERG2,3439,3975,1,537,-1,1,k141_622169_30
jk18x27bins.66,arb,0,1,0,1,1,1,
jk18x27bins.66,FDFT1,1,1041,8084,9124,1,-1,k141_3364_16
jk18x27bins.66,ERG7,982,4425,4700,8143,-1,1,k141_3364_17
jk18x27bins.66,CYP51,4377,5768,3357,4748,-1,1,k141_3364_18
jk18x27bins.66,ERG24,5777,6880,2245,3348,-1,1,k141_3364_19
jk18x27bins.66,HP_or_non-steroid_gene,6867,7976,1149,2258,-1,1,k141_3364_20
jk18x27bins.66,DFR,7973,9124,1,1152,-1,1,k141_3364_21
jk18x27bins.68,arb,0,1,0,1,1,1,
jk18x27bins.68,ERG24,1,1140,1,1140,1,1,k141_250660_12
jk18x27bins.68,ERG6,1229,2230,1229,2230,-1,-1,k141_250660_13
jk18x27bins.68,HP_or_non-steroid_gene,2754,3323,2754,3323,-1,-1,k141_250660_14
jk18x27bins.68,HP_or_non-steroid_gene,3595,4938,3595,4938,1,1,k141_250660_15
jk18x27bins.68,ERG6,5084,6196,5084,6196,1,1,k141_250660_16
jk18x27bins.72,arb,0,1,0,1,1,1,
jk18x27bins.72,ERG24,1,1137,1168,2304,-1,1,k141_197397_183
jk18x27bins.72,ERG24,1177,2304,1,1128,-1,1,k141_197397_184
jk18x34bins.12,arb,0,1,0,1,1,1,
jk18x34bins.12,ERG6,1,1032,8153,9184,1,-1,k141_239276_89
jk18x34bins.12,ERG7,1039,4431,4754,8146,-1,1,k141_239276_90
jk18x34bins.12,CYP51,4428,5837,3348,4757,-1,1,k141_239276_91
jk18x34bins.12,ERG24,5846,6946,2239,3339,-1,1,k141_239276_92
jk18x34bins.12,HP_or_non-steroid_gene,6933,8030,1155,2252,-1,1,k141_239276_93
jk18x34bins.12,DFR,8027,9184,1,1158,-1,1,k141_239276_94
jk18x34bins.13,arb,0,1,0,1,1,1,
jk18x34bins.13,DFR,1,1095,1,1095,1,1,k141_70560_124
jk18x34bins.13,HP_or_non-steroid_gene,1142,2251,1142,2251,1,1,k141_70560_125
jk18x34bins.13,ERG24,2274,3341,2274,3341,1,1,k141_70560_126
jk18x34bins.13,CYP51,3374,4762,3374,4762,1,1,k141_70560_127
jk18x34bins.13,ERG7,4759,8133,4759,8133,1,1,k141_70560_128
jk18x34bins.15,arb,0,1,0,1,1,1,
jk18x34bins.15,DFR,1,1068,1,1068,1,1,k141_530823_32
jk18x34bins.15,HP_or_non-steroid_gene,1094,2218,1094,2218,1,1,k141_530823_33
jk18x34bins.15,ERG24,2205,3305,2205,3305,1,1,k141_530823_34
jk18x34bins.15,CYP51,3315,4727,3315,4727,1,1,k141_530823_35
jk18x34bins.15,ERG7,4724,8143,4724,8143,1,1,k141_530823_36
jk18x34bins.22,arb,0,1,0,1,1,1,
jk18x34bins.22,DFR,1,1164,1,1164,1,1,k141_467165_3
jk18x34bins.22,HP_or_non-steroid_gene,1161,2258,1161,2258,1,1,k141_467165_4
jk18x34bins.22,ERG24,2245,3348,2245,3348,1,1,k141_467165_5
jk18x34bins.22,CYP51,3357,4742,3357,4742,1,1,k141_467165_6
jk18x34bins.22,ERG7,4694,8098,4694,8098,1,1,k141_467165_7
jk18x34bins.22,FDFT1,8243,9307,8243,9307,-1,-1,k141_467165_8
jk18x34bins.29,arb,0,1,0,1,1,1,
jk18x34bins.29,ERG7,1,3408,4709,8116,-1,1,k141_508719_58
jk18x34bins.29,CYP51,3405,4817,3300,4712,-1,1,k141_508719_59
jk18x34bins.29,ERG24,4826,5926,2191,3291,-1,1,k141_508719_60
jk18x34bins.29,HP_or_non-steroid_gene,5913,7013,1104,2204,-1,1,k141_508719_61
jk18x34bins.29,DFR,7010,8116,1,1107,-1,1,k141_508719_62
jk18x34bins.43,arb,0,1,0,1,1,1,
jk18x34bins.43,ERG6,1,1017,14176,15192,1,-1,k141_376493_6
jk18x34bins.43,ERG2,1105,1599,13594,14088,1,-1,k141_376493_7
jk18x34bins.43,ERG7,1660,5049,10144,13533,-1,1,k141_376493_8
jk18x34bins.43,CYP51,5046,6317,8876,10147,-1,1,k141_376493_9
jk18x34bins.43,ERG24,6464,7495,7698,8729,-1,1,k141_376493_10
jk18x34bins.43,HP_or_non-steroid_gene,7551,8669,6524,7642,-1,1,k141_376493_11
jk18x34bins.43,DFR,8662,9780,5413,6531,-1,1,k141_376493_12
jk18x34bins.43,HP_or_non-steroid_gene,10015,10164,5029,5178,1,-1,k141_376493_13
jk18x34bins.43,HP_or_non-steroid_gene,10254,10973,4220,4939,1,-1,k141_376493_14
jk18x34bins.43,HP_or_non-steroid_gene,11157,13145,2048,4036,1,-1,k141_376493_15
jk18x34bins.43,ERG6,14158,15192,1,1035,1,-1,k141_376493_16
jk18x34bins.52,arb,0,1,0,1,1,1,
jk18x34bins.52,ERG6,1,1014,1,1014,1,1,k141_229335_3
jk18x34bins.52,ERG6,1035,2060,1035,2060,1,1,k141_229335_4
jk18x34bins.53,arb,0,1,0,1,1,1,
jk18x34bins.53,DFR,1,1146,10120,11265,1,-1,k141_338165_468
jk18x34bins.53,HP_or_non-steroid_gene,1143,2231,9035,10123,1,-1,k141_338165_469
jk18x34bins.53,ERG6,2236,3267,7999,9030,1,-1,k141_338165_470
jk18x34bins.53,ERG6,3486,4532,6734,7780,1,-1,k141_338165_471
jk18x34bins.53,HP_or_non-steroid_gene,4615,5346,5920,6651,-1,1,k141_338165_472
jk18x34bins.53,ERG7,5370,8759,2507,5896,-1,1,k141_338165_473
jk18x34bins.53,CYP51,8756,10027,1239,2510,-1,1,k141_338165_474
jk18x34bins.53,ERG24,10171,11265,1,1095,-1,1,k141_338165_475
jk18x34bins.59,arb,0,1,0,1,1,1,
jk18x34bins.59,ERG6,1,1035,8221,9255,1,-1,k141_187261_362
jk18x34bins.59,ERG7,1076,4516,4740,8180,-1,1,k141_187261_363
jk18x34bins.59,CYP51,4513,5919,3337,4743,-1,1,k141_187261_364
jk18x34bins.59,ERG24,5929,6960,2296,3327,-1,1,k141_187261_365
jk18x34bins.59,HP_or_non-steroid_gene,7016,8101,1155,2240,-1,1,k141_187261_366
jk18x34bins.59,DFR,8110,9255,1,1146,-1,1,k141_187261_367
jk18x34bins.63,arb,0,1,0,1,1,1,
jk18x34bins.63,FDFT1,1,1050,1044,2093,-1,1,k141_486684_27
jk18x34bins.63,FDFT1,1050,2093,1,1044,-1,1,k141_486684_28
jk18x40bins.18,arb,0,1,0,1,1,1,
jk18x40bins.18,ERG24,1,1134,1,1134,1,1,k141_1170574_27
jk18x40bins.18,ERG24,1171,2304,1171,2304,1,1,k141_1170574_28
jk18x40bins.30,arb,0,1,0,1,1,1,
jk18x40bins.30,ERG7,1,3363,4799,8161,-1,1,k141_1301043_5
jk18x40bins.30,CYP51,3360,4769,3393,4802,-1,1,k141_1301043_6
jk18x40bins.30,ERG24,4781,5884,2278,3381,-1,1,k141_1301043_7
jk18x40bins.30,HP_or_non-steroid_gene,5871,6974,1188,2291,-1,1,k141_1301043_8
jk18x40bins.30,DFR,6971,8161,1,1191,-1,1,k141_1301043_9
jk18x40bins.40,arb,0,1,0,1,1,1,
jk18x40bins.40,FDFT1,1,1050,1053,2102,-1,1,k141_335025_8
jk18x40bins.40,FDFT1,1050,2102,1,1053,-1,1,k141_335025_9
jk18x40bins.47,arb,0,1,0,1,1,1,
jk18x40bins.47,ERG6,1,1047,8166,9212,1,-1,k141_2697227_20
jk18x40bins.47,ERG7,1075,4473,4740,8138,-1,1,k141_2697227_21
jk18x40bins.47,CYP51,4470,5858,3355,4743,-1,1,k141_2697227_22
jk18x40bins.47,ERG24,5889,6983,2230,3324,-1,1,k141_2697227_23
jk18x40bins.47,HP_or_non-steroid_gene,6976,8070,1143,2237,-1,1,k141_2697227_24
jk18x40bins.47,DFR,8067,9212,1,1146,-1,1,k141_2697227_25
jk18x40bins.51,arb,0,1,0,1,1,1,
jk18x40bins.51,ERG2,1,576,1123,1698,-1,1,k141_773894_15
jk18x40bins.51,ERG6,589,1698,1,1110,-1,1,k141_773894_16
jk18x7bins.100,arb,0,1,0,1,1,1,
jk18x7bins.100,ERG6,1,1065,1,1065,1,1,k141_1364517_305
jk18x7bins.100,HP_or_non-steroid_gene,1104,3131,1104,3131,-1,-1,k141_1364517_306
jk18x7bins.100,HP_or_non-steroid_gene,3268,4377,3268,4377,1,1,k141_1364517_307
jk18x7bins.100,HP_or_non-steroid_gene,4387,5742,4387,5742,-1,-1,k141_1364517_308
jk18x7bins.100,HP_or_non-steroid_gene,5850,6248,5850,6248,-1,-1,k141_1364517_309
jk18x7bins.100,ERG24,6509,7648,6509,7648,1,1,k141_1364517_310
jk18x7bins.100,ERG24,7773,8912,7773,8912,1,1,k141_1364517_311
jk18x7bins.104,arb,0,1,0,1,1,1,
jk18x7bins.104,ERG6,1,1056,8262,9317,1,-1,k141_2727539_19
jk18x7bins.104,ERG7,1157,4543,4775,8161,-1,1,k141_2727539_20
jk18x7bins.104,CYP51,4540,5949,3369,4778,-1,1,k141_2727539_21
jk18x7bins.104,ERG24,5958,7061,2257,3360,-1,1,k141_2727539_22
jk18x7bins.104,HP_or_non-steroid_gene,7048,8175,1143,2270,-1,1,k141_2727539_23
jk18x7bins.104,DFR,8172,9317,1,1146,-1,1,k141_2727539_24
jk18x7bins.13,arb,0,1,0,1,1,1,
jk18x7bins.13,DFR,1,1071,1,1071,1,1,k141_104580_17
jk18x7bins.13,ERG6,1185,2207,1185,2207,1,1,k141_104580_18
jk18x7bins.13,ERG2,2208,2786,2208,2786,1,1,k141_104580_19
jk18x7bins.13,ERG7,2830,6207,2830,6207,-1,-1,k141_104580_20
jk18x7bins.13,CYP51,6204,7613,6204,7613,-1,-1,k141_104580_21
jk18x7bins.13,ERG24,7622,8722,7622,8722,-1,-1,k141_104580_22
jk18x7bins.31,arb,0,1,0,1,1,1,
jk18x7bins.31,DFR,1,1173,1,1173,1,1,k141_2294825_33
jk18x7bins.31,HP_or_non-steroid_gene,1170,2270,1170,2270,1,1,k141_2294825_34
jk18x7bins.31,ERG24,2257,3357,2257,3357,1,1,k141_2294825_35
jk18x7bins.31,CYP51,3369,4775,3369,4775,1,1,k141_2294825_36
jk18x7bins.31,ERG7,4772,8158,4772,8158,1,1,k141_2294825_37
jk18x7bins.32,arb,0,1,0,1,1,1,
jk18x7bins.32,DFR,1,1149,1,1149,1,1,k141_2384862_17
jk18x7bins.32,HP_or_non-steroid_gene,1146,2255,1146,2255,1,1,k141_2384862_18
jk18x7bins.32,ERG24,2242,3345,2242,3345,1,1,k141_2384862_19
jk18x7bins.32,CYP51,3354,4745,3354,4745,1,1,k141_2384862_20
jk18x7bins.32,ERG7,4697,8140,4697,8140,1,1,k141_2384862_21
jk18x7bins.32,FDFT1,8081,9121,8081,9121,-1,-1,k141_2384862_22
jk18x7bins.45,arb,0,1,0,1,1,1,
jk18x7bins.45,DFR,1,1029,1,1029,1,1,k141_1830395_2
jk18x7bins.45,HP_or_non-steroid_gene,1031,1792,1031,1792,1,1,k141_1830395_3
jk18x7bins.45,HP_or_non-steroid_gene,1884,4172,1884,4172,-1,-1,k141_1830395_4
jk18x7bins.45,ERG6,4271,5410,4271,5410,-1,-1,k141_1830395_5
jk18x7bins.52,arb,0,1,0,1,1,1,
jk18x7bins.52,ERG24,1,1095,1,1095,1,1,k141_2166396_8
jk18x7bins.52,CYP51,1239,2510,1239,2510,1,1,k141_2166396_9
jk18x7bins.52,ERG7,2507,5896,2507,5896,1,1,k141_2166396_10
jk18x7bins.57,arb,0,1,0,1,1,1,
jk18x7bins.57,FDFT1,1,1047,1,1047,1,1,k141_1645760_79
jk18x7bins.57,FDFT1,1013,2047,1013,2047,-1,-1,k141_1645760_80
jk18x7bins.59,arb,0,1,0,1,1,1,
jk18x7bins.59,ERG7,1,2778,4721,7498,-1,1,k141_469756_1
jk18x7bins.59,CYP51,2775,4109,3390,4724,-1,1,k141_469756_2
jk18x7bins.59,ERG24,4193,5293,2206,3306,-1,1,k141_469756_3
jk18x7bins.59,HP_or_non-steroid_gene,5280,6377,1122,2219,-1,1,k141_469756_4
jk18x7bins.59,DFR,6374,7498,1,1125,-1,1,k141_469756_5
jk18x7bins.70,arb,0,1,0,1,1,1,
jk18x7bins.70,DFR,1,1158,1,1158,1,1,k141_1882424_9
jk18x7bins.70,HP_or_non-steroid_gene,1155,2252,1155,2252,1,1,k141_1882424_10
jk18x7bins.70,ERG24,2239,3339,2239,3339,1,1,k141_1882424_11
jk18x7bins.70,CYP51,3348,4757,3348,4757,1,1,k141_1882424_12
jk18x7bins.8,arb,0,1,0,1,1,1,
jk18x7bins.8,DFR,1,1095,1,1095,1,1,k141_1123632_28
jk18x7bins.8,HP_or_non-steroid_gene,1319,2434,1319,2434,1,1,k141_1123632_29
jk18x7bins.8,ERG24,2471,3520,2471,3520,1,1,k141_1123632_30
jk18x7bins.8,CYP51,3532,4932,3532,4932,1,1,k141_1123632_31
jk18x7bins.8,ERG7,4929,8396,4929,8396,1,1,k141_1123632_32
jk18x8bins.7,arb,0,1,0,1,1,1,
jk18x8bins.7,DFR,1,1161,1,1161,1,1,k141_98869_1
jk18x8bins.7,HP_or_non-steroid_gene,1158,2243,1158,2243,1,1,k141_98869_2
jk18x8bins.7,ERG24,2230,3330,2230,3330,1,1,k141_98869_3
jk18x8bins.7,CYP51,3339,4748,3339,4748,1,1,k141_98869_4
jk18x8bins.7,ERG7,4745,8167,4745,8167,1,1,k141_98869_5
jk18x8bins.7,ERG6,8203,9162,8203,9162,-1,-1,k141_98869_6
jk18x9bins.12,arb,0,1,0,1,1,1,
jk18x9bins.12,ERG7,1,3357,2516,5872,-1,1,k141_97212_33
jk18x9bins.12,CYP51,3384,4748,1125,2489,-1,1,k141_97212_34
jk18x9bins.12,ERG24,4760,5872,1,1113,-1,1,k141_97212_35
jk18x9bins.20,arb,0,1,0,1,1,1,
jk18x9bins.20,DFR,1,1146,1,1146,1,1,k141_479360_8
jk18x9bins.20,HP_or_non-steroid_gene,1143,2225,1143,2225,1,1,k141_479360_9
jk18x9bins.20,ERG24,2222,3316,2222,3316,1,1,k141_479360_10
jk18x9bins.20,CYP51,3327,4748,3327,4748,1,1,k141_479360_11
jk18x9bins.20,ERG7,4745,8203,4745,8203,1,1,k141_479360_12
jk18x9bins.20,ERG6,8238,9299,8238,9299,-1,-1,k141_479360_13
jk18x9bins.27,arb,0,1,0,1,1,1,
jk18x9bins.27,ERG3,1,825,2195,3019,1,-1,k141_36933_20
jk18x9bins.27,HP_or_non-steroid_gene,892,2034,986,2128,1,-1,k141_36933_21
jk18x9bins.27,ERG6,1994,3019,1,1026,-1,1,k141_36933_22
jk18x9bins.53,arb,0,1,0,1,1,1,
jk18x9bins.53,CYP51,1,1047,1,1047,1,1,k141_228526_1
jk18x9bins.53,ERG7,999,4115,999,4115,1,1,k141_228526_2
jk18x9bins.56,arb,0,1,0,1,1,1,
jk18x9bins.56,ERG7,1,1863,5196,7058,1,1,k141_206290_1
jk18x9bins.56,HP_or_non-steroid_gene,1964,3397,3662,5095,1,1,k141_206290_2
jk18x9bins.56,CYP51,3394,4758,2301,3665,1,1,k141_206290_3
jk18x9bins.56,HP_or_non-steroid_gene,4834,5976,1083,2225,1,1,k141_206290_4
jk18x9bins.56,DFR,5973,7058,1,1086,1,1,k141_206290_5
jk18x9bins.60,arb,0,1,0,1,1,1,
jk18x9bins.60,ERG24,1,1140,1,1140,1,1,k141_149567_5
jk18x9bins.60,ERG6,1229,2230,1229,2230,-1,-1,k141_149567_6
jk18x9bins.60,HP_or_non-steroid_gene,3000,4343,3000,4343,1,1,k141_149567_7
jk18x9bins.60,ERG6,4609,5601,4609,5601,1,1,k141_149567_8
jk18x9bins.74,arb,0,1,0,1,1,1,
jk18x9bins.74,ERG6,1,1026,1047,2072,-1,1,k141_77726_39
jk18x9bins.74,ERG6,1047,2072,1,1026,-1,1,k141_77726_40
jk18x9bins.84,arb,0,1,0,1,1,1,
jk18x9bins.84,DFR,1,1110,1,1110,1,1,k141_221715_10
jk18x9bins.84,HP_or_non-steroid_gene,1107,2207,1107,2207,1,1,k141_221715_11
jk18x9bins.84,ERG24,2194,3294,2194,3294,1,1,k141_221715_12
jk18x9bins.84,CYP51,3303,4721,3303,4721,1,1,k141_221715_13
jk18x9bins.84,ERG7,4718,8122,4718,8122,1,1,k141_221715_14
jk18x9bins.87,arb,0,1,0,1,1,1,
jk18x9bins.87,ERG6,1,1014,8110,9123,1,-1,k141_58738_9
jk18x9bins.87,ERG7,1018,4428,4696,8106,-1,1,k141_58738_10
jk18x9bins.87,CYP51,4434,5813,3311,4690,-1,1,k141_58738_11
jk18x9bins.87,ERG24,5822,6964,2160,3302,-1,1,k141_58738_12
jk18x9bins.87,HP_or_non-steroid_gene,6922,8037,1087,2202,-1,1,k141_58738_13
jk18x9bins.87,DFR,8050,9123,1,1074,-1,1,k141_58738_14
jk18x9bins.88,arb,0,1,0,1,1,1,
jk18x9bins.88,ERG6,1,1032,5915,6946,1,-1,k141_431810_7
jk18x9bins.88,ERG7,1039,4431,2516,5908,-1,1,k141_431810_8
jk18x9bins.88,CYP51,4428,5837,1110,2519,-1,1,k141_431810_9
jk18x9bins.88,ERG24,5846,6946,1,1101,-1,1,k141_431810_10
jk18xAbins.10,arb,0,1,0,1,1,1,
jk18xAbins.10,FDFT1,1,1056,8114,9169,1,-1,k141_203481_122
jk18xAbins.10,ERG7,1200,4553,4617,7970,-1,1,k141_203481_123
jk18xAbins.10,CYP51,4565,5905,3265,4605,-1,1,k141_203481_124
jk18xAbins.10,ERG24,5968,7044,2126,3202,-1,1,k141_203481_125
jk18xAbins.10,HP_or_non-steroid_gene,7041,8099,1071,2129,-1,1,k141_203481_126
jk18xAbins.10,DFR,8150,9169,1,1020,-1,1,k141_203481_127
jk18xAbins.11,arb,0,1,0,1,1,1,
jk18xAbins.11,ERG6,1,1002,1227,2228,1,-1,k141_699025_71
jk18xAbins.11,ERG24,1089,2228,1,1140,-1,1,k141_699025_72
jk18xAbins.18,arb,0,1,0,1,1,1,
jk18xAbins.18,ERG24,1,1137,1168,2304,-1,1,k141_1218946_40
jk18xAbins.18,ERG24,1177,2304,1,1128,-1,1,k141_1218946_41
jk18xAbins.2,arb,0,1,0,1,1,1,
jk18xAbins.2,ERG7,1,3390,2507,5896,-1,1,k141_1235393_1
jk18xAbins.2,CYP51,3387,4793,1104,2510,-1,1,k141_1235393_2
jk18xAbins.2,ERG24,4802,5896,1,1095,-1,1,k141_1235393_3
jk18xAbins.26,arb,0,1,0,1,1,1,
jk18xAbins.26,ERG6,1,1026,1,1026,1,1,k141_1495845_67
jk18xAbins.26,HP_or_non-steroid_gene,986,2179,986,2179,-1,-1,k141_1495845_68
jk18xAbins.26,ERG3,2195,3019,2195,3019,-1,-1,k141_1495845_69
jk18xAbins.27,arb,0,1,0,1,1,1,
jk18xAbins.27,ERG6,1,1011,1,1011,1,1,k141_1413492_69
jk18xAbins.27,ERG2,1024,1599,1024,1599,1,1,k141_1413492_70
jk18xAbins.3,arb,0,1,0,1,1,1,
jk18xAbins.3,ERG24,1,1140,1277,2416,-1,1,k141_1234763_8
jk18xAbins.3,ERG24,1277,2416,1,1140,-1,1,k141_1234763_9
jk18xAbins.31,arb,0,1,0,1,1,1,
jk18xAbins.31,ERG6,1,1020,8728,9747,1,-1,k141_698312_45
jk18xAbins.31,ERG2,1017,1592,8156,8731,1,-1,k141_698312_46
jk18xAbins.31,ERG7,1485,5024,4724,8263,-1,1,k141_698312_47
jk18xAbins.31,CYP51,5021,6295,3453,4727,-1,1,k141_698312_48
jk18xAbins.31,ERG24,6443,7543,2205,3305,-1,1,k141_698312_49
jk18xAbins.31,HP_or_non-steroid_gene,7530,8654,1094,2218,-1,1,k141_698312_50
jk18xAbins.31,DFR,8680,9747,1,1068,-1,1,k141_698312_51
jk18xAbins.40,arb,0,1,0,1,1,1,
jk18xAbins.40,ERG7,1,3387,4775,8161,-1,1,k141_1094237_3
jk18xAbins.40,CYP51,3384,4793,3369,4778,-1,1,k141_1094237_4
jk18xAbins.40,ERG24,4805,5905,2257,3357,-1,1,k141_1094237_5
jk18xAbins.40,HP_or_non-steroid_gene,5892,6992,1170,2270,-1,1,k141_1094237_6
jk18xAbins.40,DFR,6989,8161,1,1173,-1,1,k141_1094237_7
jk18xAbins.42,arb,0,1,0,1,1,1,
jk18xAbins.42,DFR,1,1074,1,1074,1,1,k141_212514_13
jk18xAbins.42,HP_or_non-steroid_gene,1087,2202,1087,2202,1,1,k141_212514_14
jk18xAbins.42,ERG24,2160,3302,2160,3302,1,1,k141_212514_15
jk18xAbins.42,CYP51,3311,4690,3311,4690,1,1,k141_212514_16
jk18xAbins.42,ERG7,4696,8157,4696,8157,1,1,k141_212514_17
jk18xAbins.42,ERG6,8111,9124,8111,9124,-1,-1,k141_212514_18
jk18xAbins.44,arb,0,1,0,1,1,1,
jk18xAbins.44,FDFT1,1,1041,8093,9133,1,-1,k141_952455_1
jk18xAbins.44,ERG7,982,4440,4694,8152,-1,1,k141_952455_2
jk18xAbins.44,CYP51,4392,5783,3351,4742,-1,1,k141_952455_3
jk18xAbins.44,ERG24,5792,6895,2239,3342,-1,1,k141_952455_4
jk18xAbins.44,HP_or_non-steroid_gene,6882,7988,1146,2252,-1,1,k141_952455_5
jk18xAbins.44,DFR,7985,9133,1,1149,-1,1,k141_952455_6
jk18xAbins.48,arb,0,1,0,1,1,1,
jk18xAbins.48,ERG6,1,1032,5898,6929,1,-1,k141_1014631_9
jk18xAbins.48,ERG7,980,4414,2516,5950,-1,1,k141_1014631_10
jk18xAbins.48,CYP51,4411,5820,1110,2519,-1,1,k141_1014631_11
jk18xAbins.48,ERG24,5829,6929,1,1101,-1,1,k141_1014631_12
jk18xAbins.49,arb,0,1,0,1,1,1,
jk18xAbins.49,CYP51,1,1410,3392,4801,-1,1,k141_482412_2
jk18xAbins.49,ERG24,1419,2522,2280,3383,-1,1,k141_482412_3
jk18xAbins.49,HP_or_non-steroid_gene,2509,3648,1154,2293,-1,1,k141_482412_4
jk18xAbins.49,DFR,3689,4801,1,1113,-1,1,k141_482412_5
jk18xAbins.55,arb,0,1,0,1,1,1,
jk18xAbins.55,ERG24,1,1140,8206,9345,-1,1,k141_1176227_11
jk18xAbins.55,ERG24,1265,2404,6942,8081,-1,1,k141_1176227_12
jk18xAbins.55,HP_or_non-steroid_gene,2553,3413,5933,6793,-1,1,k141_1176227_13
jk18xAbins.55,HP_or_non-steroid_gene,3705,4922,4424,5641,1,-1,k141_1176227_14
jk18xAbins.55,HP_or_non-steroid_gene,4967,6076,3270,4379,-1,1,k141_1176227_15
jk18xAbins.55,HP_or_non-steroid_gene,6213,8240,1106,3133,1,-1,k141_1176227_16
jk18xAbins.55,ERG6,8281,9345,1,1065,-1,1,k141_1176227_17
jk18xAbins.6,arb,0,1,0,1,1,1,
jk18xAbins.6,DFR,1,1101,1,1101,1,1,k141_1442466_11
jk18xAbins.6,HP_or_non-steroid_gene,1098,2240,1098,2240,1,1,k141_1442466_12
jk18xAbins.6,CYP51,2240,3604,2240,3604,1,1,k141_1442466_13
jk18xAbins.6,HP_or_non-steroid_gene,3601,5034,3601,5034,1,1,k141_1442466_14
jk18xAbins.6,ERG7,5042,7006,5042,7006,1,1,k141_1442466_15
jk18xAbins.60,arb,0,1,0,1,1,1,
jk18xAbins.60,DFR,764,1759,2936,3931,-1,1,k141_81951_298
jk18xAbins.60,HP_or_non-steroid_gene,1777,2424,2271,2918,1,-1,k141_81951_299
jk18xAbins.60,HP_or_non-steroid_gene,2357,3136,1559,2338,-1,1,k141_81951_300
jk18xAbins.60,ERG2,4071,4694,1,624,-1,1,k141_81951_301
p16x33bins.2,arb,0,1,0,1,1,1,
p16x33bins.2,ERG7,1,3393,4697,8089,-1,1,k141_288253_30
p16x33bins.2,CYP51,3390,4787,3303,4700,-1,1,k141_288253_31
p16x33bins.2,ERG24,4796,5872,2218,3294,-1,1,k141_288253_32
p16x33bins.2,HP_or_non-steroid_gene,5874,6980,1110,2216,-1,1,k141_288253_33
p16x33bins.2,DFR,6977,8089,1,1113,-1,1,k141_288253_34
p16x33bins.28,arb,0,1,0,1,1,1,
p16x33bins.28,DFR,1,1161,1,1161,1,1,k141_1017789_4
p16x33bins.28,HP_or_non-steroid_gene,1158,2243,1158,2243,1,1,k141_1017789_5
p16x33bins.28,ERG24,2230,3330,2230,3330,1,1,k141_1017789_6
p16x33bins.28,CYP51,3339,4748,3339,4748,1,1,k141_1017789_7
p16x33bins.28,ERG7,4745,8167,4745,8167,1,1,k141_1017789_8
p16x33bins.28,ERG6,8203,9234,8203,9234,-1,-1,k141_1017789_9
p16x33bins.5,arb,0,1,0,1,1,1,
p16x33bins.5,DFR,1,1173,1,1173,1,1,k141_927739_61
p16x33bins.5,HP_or_non-steroid_gene,1170,2270,1170,2270,1,1,k141_927739_62
p16x33bins.5,ERG24,2257,3357,2257,3357,1,1,k141_927739_63
p16x33bins.5,CYP51,3369,4778,3369,4778,1,1,k141_927739_64
p16x33bins.5,ERG7,4775,8161,4775,8161,1,1,k141_927739_65
p16x34bins.1,arb,0,1,0,1,1,1,
p16x34bins.1,ERG6,1,1023,1,1023,1,1,k141_591795_4
p16x34bins.1,ERG6,1077,2105,1077,2105,1,1,k141_591795_5
p16x34bins.22,arb,0,1,0,1,1,1,
p16x34bins.22,ERG24,1,1125,1,1125,1,1,k141_759394_11
p16x34bins.22,ERG24,1165,2301,1165,2301,1,1,k141_759394_12
p16x34bins.24,arb,0,1,0,1,1,1,
p16x34bins.24,DFR,1,1149,1,1149,1,1,k141_677482_298
p16x34bins.24,HP_or_non-steroid_gene,1212,2333,1212,2333,1,1,k141_677482_299
p16x34bins.24,ERG24,2314,3423,2314,3423,1,1,k141_677482_300
p16x34bins.24,CYP51,3432,4838,3432,4838,1,1,k141_677482_301
p16x34bins.24,ERG7,4835,8230,4835,8230,1,1,k141_677482_302
p16x34bins.24,HP_or_non-steroid_gene,8440,9816,8440,9816,1,1,k141_677482_303
p16x34bins.24,ERG6,9824,10873,9824,10873,1,1,k141_677482_304
p16x34bins.31,arb,0,1,0,1,1,1,
p16x34bins.31,ERG24,1,1101,1,1101,1,1,k141_18952_2
p16x34bins.31,CYP51,1110,2519,1110,2519,1,1,k141_18952_3
p16x34bins.31,ERG7,2516,5908,2516,5908,1,1,k141_18952_4
p16x34bins.34,arb,0,1,0,1,1,1,
p16x34bins.34,ERG6,1,1062,4263,5324,1,-1,k141_398138_15
p16x34bins.34,HP_or_non-steroid_gene,1091,2263,3062,4234,1,-1,k141_398138_16
p16x34bins.34,HP_or_non-steroid_gene,2274,3389,1936,3051,-1,1,k141_398138_17
p16x34bins.34,HP_or_non-steroid_gene,3534,4157,1168,1791,1,-1,k141_398138_18
p16x34bins.34,ERG24,4233,5324,1,1092,-1,1,k141_398138_19
p16x34bins.36,arb,0,1,0,1,1,1,
p16x34bins.36,ERG6,1,1062,4912,5973,1,-1,k141_185763_2
p16x34bins.36,ERG7,1097,4555,1419,4877,-1,1,k141_185763_3
p16x34bins.36,CYP51,4552,5973,1,1422,-1,1,k141_185763_4
p16x34bins.37,arb,0,1,0,1,1,1,
p16x34bins.37,ERG24,1,1020,1,1020,-1,-1,k141_637370_36
p16x34bins.37,DFR,1347,2459,1347,2459,1,1,k141_637370_37
p16x34bins.37,HP_or_non-steroid_gene,2456,3601,2456,3601,1,1,k141_637370_38
p16x34bins.37,CYP51,3594,5009,3594,5009,1,1,k141_637370_39
p16x34bins.43,arb,0,1,0,1,1,1,
p16x34bins.43,CYP51,1,1098,1,1098,1,1,k141_42954_30
p16x34bins.43,HP_or_non-steroid_gene,1095,3044,1095,3044,1,1,k141_42954_31
p16x34bins.43,HP_or_non-steroid_gene,3168,4505,3168,4505,1,1,k141_42954_32
p16x34bins.43,ERG6,4568,5599,4568,5599,-1,-1,k141_42954_33
p16x34bins.45,arb,0,1,0,1,1,1,
p16x34bins.45,ERG24,1,1140,1,1140,1,1,k141_30026_23
p16x34bins.45,ERG6,1533,2564,1533,2564,1,1,k141_30026_24
p16x34bins.45,ERG6,2665,3666,2665,3666,-1,-1,k141_30026_25
p16x34bins.64,arb,0,1,0,1,1,1,
p16x34bins.64,ERG24,1,1095,1,1095,1,1,k141_119330_3
p16x34bins.64,CYP51,1242,2513,1242,2513,1,1,k141_119330_4
p16x34bins.64,ERG7,2510,5899,2510,5899,1,1,k141_119330_5
p16x34bins.64,HP_or_non-steroid_gene,5910,6641,5910,6641,1,1,k141_119330_6
p16x34bins.64,ERG6,6724,7755,6724,7755,-1,-1,k141_119330_7
p16x34bins.64,HP_or_non-steroid_gene,7779,8876,7779,8876,-1,-1,k141_119330_8
p16x34bins.64,DFR,8873,10018,8873,10018,-1,-1,k141_119330_9
p16x43bins.1,arb,0,1,0,1,1,1,
p16x43bins.1,FDFT1,1,1050,1047,2096,-1,1,k141_839041_11
p16x43bins.1,FDFT1,1050,2096,1,1047,-1,1,k141_839041_12
p16x43bins.26,arb,0,1,0,1,1,1,
p16x43bins.26,ERG6,1,1032,5974,7005,1,-1,k141_406038_26
p16x43bins.26,ERG7,1068,4490,2516,5938,-1,1,k141_406038_27
p16x43bins.26,CYP51,4487,5896,1110,2519,-1,1,k141_406038_28
p16x43bins.26,ERG24,5905,7005,1,1101,-1,1,k141_406038_29
p16x43bins.35,arb,0,1,0,1,1,1,
p16x43bins.35,ERG6,1,1026,1,1026,1,1,k141_84350_60
p16x43bins.35,HP_or_non-steroid_gene,986,2179,986,2179,-1,-1,k141_84350_61
p16x43bins.35,ERG3,2195,3019,2195,3019,-1,-1,k141_84350_62
p16x43bins.4,arb,0,1,0,1,1,1,
p16x43bins.4,ERG6,1,1014,8114,9127,1,-1,k141_886407_6
p16x43bins.4,ERG7,968,4432,4696,8160,-1,1,k141_886407_7
p16x43bins.4,CYP51,4438,5817,3311,4690,-1,1,k141_886407_8
p16x43bins.4,ERG24,5826,6968,2160,3302,-1,1,k141_886407_9
p16x43bins.4,HP_or_non-steroid_gene,6926,8041,1087,2202,-1,1,k141_886407_10
p16x43bins.4,DFR,8054,9127,1,1074,-1,1,k141_886407_11
p16x43bins.48,arb,0,1,0,1,1,1,
p16x43bins.48,DFR,1,1095,1,1095,1,1,k141_684751_5
p16x43bins.48,HP_or_non-steroid_gene,1142,2251,1142,2251,1,1,k141_684751_6
p16x43bins.48,ERG24,2244,3341,2244,3341,1,1,k141_684751_7
p16x43bins.48,CYP51,3374,4762,3374,4762,1,1,k141_684751_8
p16x43bins.48,ERG7,4759,8145,4759,8145,1,1,k141_684751_9
p16x43bins.5,arb,0,1,0,1,1,1,
p16x43bins.5,DFR,1,1029,11815,12843,1,-1,k141_63071_13
p16x43bins.5,HP_or_non-steroid_gene,1031,1792,11052,11813,1,-1,k141_63071_14
p16x43bins.5,HP_or_non-steroid_gene,2112,2366,10478,10732,-1,1,k141_63071_15
p16x43bins.5,HP_or_non-steroid_gene,2338,3072,9772,10506,-1,1,k141_63071_16
p16x43bins.5,ERG6,3686,4717,8127,9158,1,-1,k141_63071_17
p16x43bins.5,ERG7,4665,8108,4736,8179,-1,1,k141_63071_18
p16x43bins.5,CYP51,8105,9559,3285,4739,-1,1,k141_63071_19
p16x43bins.5,ERG24,9505,10608,2236,3339,-1,1,k141_63071_20
p16x43bins.5,HP_or_non-steroid_gene,10592,11689,1155,2252,-1,1,k141_63071_21
p16x43bins.5,DFR,11719,12843,1,1125,-1,1,k141_63071_22
p16x43bins.54,arb,0,1,0,1,1,1,
p16x43bins.54,DFR,1,1149,1,1149,1,1,k141_302722_935
p16x43bins.54,HP_or_non-steroid_gene,1212,2333,1212,2333,1,1,k141_302722_936
p16x43bins.54,ERG24,2314,3423,2314,3423,1,1,k141_302722_937
p16x43bins.54,CYP51,3432,4838,3432,4838,1,1,k141_302722_938
p16x43bins.54,ERG7,4835,8230,4835,8230,1,1,k141_302722_939
p16x43bins.54,HP_or_non-steroid_gene,8327,9703,8327,9703,1,1,k141_302722_940
p16x43bins.54,ERG6,9711,10760,9711,10760,1,1,k141_302722_941
p16x43bins.60,arb,0,1,0,1,1,1,
p16x43bins.60,DFR,1,1173,1,1173,1,1,k141_663588_48
p16x43bins.60,HP_or_non-steroid_gene,1170,2270,1170,2270,1,1,k141_663588_49
p16x43bins.60,ERG24,2257,3357,2257,3357,1,1,k141_663588_50
p16x43bins.60,CYP51,3369,4778,3369,4778,1,1,k141_663588_51
p16x43bins.60,ERG7,4730,8161,4730,8161,1,1,k141_663588_52
p16x43bins.65,arb,0,1,0,1,1,1,
p16x43bins.65,DFR,1,1137,1,1137,1,1,k141_358617_28
p16x43bins.65,HP_or_non-steroid_gene,1134,2231,1134,2231,1,1,k141_358617_29
p16x43bins.65,ERG24,2218,3321,2218,3321,1,1,k141_358617_30
p16x43bins.65,CYP51,3330,4715,3330,4715,1,1,k141_358617_31
p16x43bins.65,ERG7,4667,8086,4667,8086,1,1,k141_358617_32
p16x43bins.65,FDFT1,8216,9280,8216,9280,-1,-1,k141_358617_33
p16x43bins.66,arb,0,1,0,1,1,1,
p16x43bins.66,DFR,1,1068,1,1068,1,1,k141_366489_34
p16x43bins.66,HP_or_non-steroid_gene,1094,2218,1094,2218,1,1,k141_366489_35
p16x43bins.66,ERG24,2205,3305,2205,3305,1,1,k141_366489_36
p16x43bins.66,CYP51,3315,4727,3315,4727,1,1,k141_366489_37
p16x43bins.66,ERG7,4724,8263,4724,8263,1,1,k141_366489_38
p16x43bins.66,ERG2,8156,8731,8156,8731,-1,-1,k141_366489_39
p16x43bins.66,ERG6,8728,9747,8728,9747,-1,-1,k141_366489_40
p16x43bins.9,arb,0,1,0,1,1,1,
p16x43bins.9,ERG6,1,1002,1222,2223,1,-1,k141_949188_74
p16x43bins.9,ERG24,1084,2223,1,1140,-1,1,k141_949188_75
p16x44bins.17,arb,0,1,0,1,1,1,
p16x44bins.17,ERG6,1,1065,11172,12236,1,-1,k141_692816_47
p16x44bins.17,HP_or_non-steroid_gene,1613,2431,9806,10624,1,-1,k141_692816_48
p16x44bins.17,ERG6,2858,3919,8318,9379,1,-1,k141_692816_49
p16x44bins.17,ERG7,4114,7494,4743,8123,-1,1,k141_692816_50
p16x44bins.17,CYP51,7491,8879,3358,4746,-1,1,k141_692816_51
p16x44bins.17,ERG24,8907,10007,2230,3330,-1,1,k141_692816_52
p16x44bins.17,HP_or_non-steroid_gene,10000,11103,1134,2237,-1,1,k141_692816_53
p16x44bins.17,DFR,11100,12236,1,1137,-1,1,k141_692816_54
p16x44bins.19,arb,0,1,0,1,1,1,
p16x44bins.19,DFR,1,1113,1,1113,1,1,k141_1521471_3
p16x44bins.19,HP_or_non-steroid_gene,1110,2216,1110,2216,1,1,k141_1521471_4
p16x44bins.19,ERG24,2218,3294,2218,3294,1,1,k141_1521471_5
p16x44bins.19,CYP51,3303,4700,3303,4700,1,1,k141_1521471_6
p16x44bins.19,ERG7,4697,8089,4697,8089,1,1,k141_1521471_7
p16x44bins.4,arb,0,1,0,1,1,1,
p16x44bins.4,ERG24,1,1095,1,1095,1,1,k141_1854937_174
p16x44bins.4,CYP51,1239,2510,1239,2510,1,1,k141_1854937_175
p16x44bins.4,ERG7,2507,5896,2507,5896,1,1,k141_1854937_176
p16x44bins.4,HP_or_non-steroid_gene,5907,6638,5907,6638,1,1,k141_1854937_177
p16x44bins.4,ERG6,6721,7767,6721,7767,-1,-1,k141_1854937_178
p16x44bins.4,ERG6,7986,9017,7986,9017,-1,-1,k141_1854937_179
p16x44bins.4,HP_or_non-steroid_gene,9022,10110,9022,10110,-1,-1,k141_1854937_180
p16x44bins.4,DFR,10107,11252,10107,11252,-1,-1,k141_1854937_181
p16x44bins.42,arb,0,1,0,1,1,1,
p16x44bins.42,ERG6,1,1065,1,1065,1,1,k141_285438_39
p16x44bins.42,HP_or_non-steroid_gene,1104,3131,1104,3131,-1,-1,k141_285438_40
p16x44bins.42,HP_or_non-steroid_gene,3269,4378,3269,4378,1,1,k141_285438_41
p16x44bins.42,HP_or_non-steroid_gene,4388,5686,4388,5686,-1,-1,k141_285438_42
p16x44bins.42,HP_or_non-steroid_gene,5852,6250,5852,6250,-1,-1,k141_285438_43
p16x44bins.42,ERG24,6511,7650,6511,7650,1,1,k141_285438_44
p16x44bins.42,ERG24,7775,8914,7775,8914,1,1,k141_285438_45
p16x44bins.53,arb,0,1,0,1,1,1,
p16x44bins.53,DFR,1,1125,1,1125,1,1,k141_524271_82
p16x44bins.53,HP_or_non-steroid_gene,1122,2219,1122,2219,1,1,k141_524271_83
p16x44bins.53,ERG24,2206,3306,2206,3306,1,1,k141_524271_84
p16x44bins.53,CYP51,3315,4724,3315,4724,1,1,k141_524271_85
p16x44bins.53,ERG7,4721,8155,4721,8155,1,1,k141_524271_86
p16x44bins.53,ERG6,8568,9602,8568,9602,-1,-1,k141_524271_87
p16x44bins.53,ERG6,9648,10667,9648,10667,-1,-1,k141_524271_88
p16x44bins.53,ERG6,10729,11760,10729,11760,-1,-1,k141_524271_89
p16x44bins.6,arb,0,1,0,1,1,1,
p16x44bins.6,DFR,1,1140,1,1140,1,1,k141_205191_1
p16x44bins.6,HP_or_non-steroid_gene,1143,2225,1143,2225,1,1,k141_205191_2
p16x44bins.6,ERG24,2212,3312,2212,3312,1,1,k141_205191_3
p16x44bins.6,CYP51,3459,4727,3459,4727,1,1,k141_205191_4
p16x44bins.6,ERG7,4727,8062,4727,8062,1,1,k141_205191_5
p16x44bins.6,ERG2,8076,8702,8076,8702,-1,-1,k141_205191_6
p16x57bins.12,arb,0,1,0,1,1,1,
p16x57bins.12,ERG24,1,1128,1,1128,1,1,k141_767513_15
p16x57bins.12,ERG24,1168,2304,1168,2304,1,1,k141_767513_16
p16x57bins.13,arb,0,1,0,1,1,1,
p16x57bins.13,ERG6,1,1050,9841,10890,-1,1,k141_160272_133
p16x57bins.13,HP_or_non-steroid_gene,1188,2564,8327,9703,-1,1,k141_160272_134
p16x57bins.13,ERG7,2661,6056,4835,8230,-1,1,k141_160272_135
p16x57bins.13,CYP51,6053,7459,3432,4838,-1,1,k141_160272_136
p16x57bins.13,ERG24,7468,8577,2314,3423,-1,1,k141_160272_137
p16x57bins.13,HP_or_non-steroid_gene,8558,9679,1212,2333,-1,1,k141_160272_138
p16x57bins.13,DFR,9742,10890,1,1149,-1,1,k141_160272_139
p16x57bins.17,arb,0,1,0,1,1,1,
p16x57bins.17,ERG24,1,1095,1,1095,1,1,k141_1099643_1
p16x57bins.17,CYP51,1109,2485,1109,2485,1,1,k141_1099643_2
p16x57bins.39,arb,0,1,0,1,1,1,
p16x57bins.39,FDFT1,1,1041,8093,9133,1,-1,k141_792160_24
p16x57bins.39,ERG7,982,4440,4694,8152,-1,1,k141_792160_25
p16x57bins.39,CYP51,4392,5783,3351,4742,-1,1,k141_792160_26
p16x57bins.39,ERG24,5792,6895,2239,3342,-1,1,k141_792160_27
p16x57bins.39,HP_or_non-steroid_gene,6882,7988,1146,2252,-1,1,k141_792160_28
p16x57bins.39,DFR,7985,9133,1,1149,-1,1,k141_792160_29
p16x57bins.41,arb,0,1,0,1,1,1,
p16x57bins.41,DFR,1,1029,11815,12843,1,-1,k141_440925_53
p16x57bins.41,HP_or_non-steroid_gene,1031,1792,11052,11813,1,-1,k141_440925_54
p16x57bins.41,HP_or_non-steroid_gene,2338,3072,9772,10506,-1,1,k141_440925_55
p16x57bins.41,ERG6,3761,4717,8127,9083,1,-1,k141_440925_56
p16x57bins.41,ERG7,4665,8108,4736,8179,-1,1,k141_440925_57
p16x57bins.41,CYP51,8105,9487,3357,4739,-1,1,k141_440925_58
p16x57bins.41,ERG24,9505,10608,2236,3339,-1,1,k141_440925_59
p16x57bins.41,HP_or_non-steroid_gene,10592,11689,1155,2252,-1,1,k141_440925_60
p16x57bins.41,DFR,11719,12843,1,1125,-1,1,k141_440925_61
p16x57bins.45,arb,0,1,0,1,1,1,
p16x57bins.45,ERG6,1,1032,8203,9234,1,-1,k141_131223_15
p16x57bins.45,ERG7,1068,4490,4745,8167,-1,1,k141_131223_16
p16x57bins.45,CYP51,4487,5896,3339,4748,-1,1,k141_131223_17
p16x57bins.45,ERG24,5905,7005,2230,3330,-1,1,k141_131223_18
p16x57bins.45,HP_or_non-steroid_gene,6992,8077,1158,2243,-1,1,k141_131223_19
p16x57bins.45,DFR,8074,9234,1,1161,-1,1,k141_131223_20
p16x60bins.11,arb,0,1,0,1,1,1,
p16x60bins.11,ERG6,1,1062,8238,9299,1,-1,k141_339243_43
p16x60bins.11,ERG7,1097,4555,4745,8203,-1,1,k141_339243_44
p16x60bins.11,CYP51,4552,5973,3327,4748,-1,1,k141_339243_45
p16x60bins.11,ERG24,5984,7078,2222,3316,-1,1,k141_339243_46
p16x60bins.11,HP_or_non-steroid_gene,7075,8157,1143,2225,-1,1,k141_339243_47
p16x60bins.11,DFR,8154,9299,1,1146,-1,1,k141_339243_48
p16x60bins.21,arb,0,1,0,1,1,1,
p16x60bins.21,FDFT1,1,1047,1,1047,1,1,k141_164113_6
p16x60bins.21,FDFT1,1044,2096,1044,2096,1,1,k141_164113_7
p16x60bins.27,arb,0,1,0,1,1,1,
p16x60bins.27,ERG6,1,1107,1,1107,1,1,k141_367051_2
p16x60bins.27,ERG2,1120,1695,1120,1695,1,1,k141_367051_3
p16x60bins.27,ERG7,1767,5153,1767,5153,-1,-1,k141_367051_4
p16x60bins.27,CYP51,5150,6556,5150,6556,-1,-1,k141_367051_5
p16x60bins.27,ERG24,6567,7667,6567,7667,-1,-1,k141_367051_6
p16x60bins.27,HP_or_non-steroid_gene,7654,8751,7654,8751,-1,-1,k141_367051_7
p16x60bins.27,DFR,8748,9890,8748,9890,-1,-1,k141_367051_8
p16x60bins.32,arb,0,1,0,1,1,1,
p16x60bins.32,ERG6,1,1020,8728,9747,1,-1,k141_45740_1
p16x60bins.32,ERG2,1017,1592,8156,8731,1,-1,k141_45740_2
p16x60bins.32,ERG7,1485,5024,4724,8263,-1,1,k141_45740_3
p16x60bins.32,CYP51,5021,6433,3315,4727,-1,1,k141_45740_4
p16x60bins.32,ERG24,6443,7543,2205,3305,-1,1,k141_45740_5
p16x60bins.32,HP_or_non-steroid_gene,7530,8654,1094,2218,-1,1,k141_45740_6
p16x60bins.32,DFR,8680,9747,1,1068,-1,1,k141_45740_7
p16x60bins.37,arb,0,1,0,1,1,1,
p16x60bins.37,DFR,1,1158,1,1158,1,1,k141_51684_17
p16x60bins.37,HP_or_non-steroid_gene,1155,2252,1155,2252,1,1,k141_51684_18
p16x60bins.37,ERG24,2239,3339,2239,3339,1,1,k141_51684_19
p16x60bins.37,CYP51,3348,4757,3348,4757,1,1,k141_51684_20
p16x60bins.37,ERG7,4754,8146,4754,8146,1,1,k141_51684_21
p16x60bins.37,ERG6,8153,9184,8153,9184,-1,-1,k141_51684_22
p16x60bins.4,arb,0,1,0,1,1,1,
p16x60bins.4,CYP51,1,918,1,918,1,1,K141_569323_1
p16x60bins.4,ERG7,915,4334,915,4334,1,1,K141_569323_2
p16x60bins.55,arb,0,1,0,1,1,1,
p16x60bins.55,ERG6,1,1032,10676,11707,1,-1,k141_194671_3
p16x60bins.55,ERG6,1094,2113,9595,10614,1,-1,k141_194671_4
p16x60bins.55,ERG6,2159,3193,8515,9549,1,-1,k141_194671_5
p16x60bins.55,ERG7,3553,6987,4721,8155,-1,1,k141_194671_6
p16x60bins.55,CYP51,6984,8393,3315,4724,-1,1,k141_194671_7
p16x60bins.55,ERG24,8402,9502,2206,3306,-1,1,k141_194671_8
p16x60bins.55,HP_or_non-steroid_gene,9489,10586,1122,2219,-1,1,k141_194671_9
p16x60bins.55,DFR,10583,11707,1,1125,-1,1,k141_194671_10
p16x60bins.61,arb,0,1,0,1,1,1,
p16x60bins.61,DFR,1,1095,1,1095,1,1,k141_717757_4
p16x60bins.61,HP_or_non-steroid_gene,1142,2251,1142,2251,1,1,k141_717757_5
p16x60bins.61,ERG24,2274,3341,2274,3341,1,1,k141_717757_6
p16x60bins.61,CYP51,3374,4762,3374,4762,1,1,k141_717757_7
p16x60bins.61,ERG7,4759,8133,4759,8133,1,1,k141_717757_8
p16x60bins.63,arb,0,1,0,1,1,1,
p16x60bins.63,DFR,1081,2217,1,1137,1,1,k141_212548_13
p16x60bins.63,HP_or_non-steroid_gene,2214,3317,1134,2237,1,1,k141_212548_14
p16x60bins.63,ERG24,3310,4410,2230,3330,1,1,k141_212548_15
p16x60bins.63,CYP51,4438,5826,3358,4746,1,1,k141_212548_16
p16x60bins.63,ERG7,5823,9203,4743,8123,1,1,k141_212548_17
p16x60bins.63,ERG6,9398,10459,8318,9379,-1,-1,k141_212548_18
p16x60bins.63,HP_or_non-steroid_gene,10905,11723,9825,10643,-1,-1,k141_212548_19
p16x60bins.63,ERG6,12270,13343,11190,12263,-1,-1,k141_212548_20
p16x60bins.66,arb,0,1,0,1,1,1,
p16x60bins.66,ERG24,1,1020,1,1020,-1,-1,k141_156379_118
p16x60bins.66,DFR,1347,2459,1347,2459,1,1,k141_156379_119
p16x60bins.66,HP_or_non-steroid_gene,2456,3601,2456,3601,1,1,k141_156379_120
p16x60bins.66,CYP51,3594,5009,3594,5009,1,1,k141_156379_121
p16x60bins.8,arb,0,1,0,1,1,1,
p16x60bins.8,ERG24,216,1310,1,1095,1,1,k141_854900_9
p16x60bins.8,CYP51,1454,2725,1239,2510,1,1,k141_854900_10
p16x60bins.8,ERG7,2722,6111,2507,5896,1,1,k141_854900_11
p16x60bins.8,HP_or_non-steroid_gene,6122,6853,5907,6638,1,1,k141_854900_12
p16x60bins.8,ERG6,6936,7982,6721,7767,-1,-1,k141_854900_13
p16x60bins.8,ERG6,8201,9232,7986,9017,-1,-1,k141_854900_14
p16x60bins.8,HP_or_non-steroid_gene,9237,10325,9022,10110,-1,-1,k141_854900_15
p16x60bins.8,DFR,10322,11467,10107,11252,-1,-1,k141_854900_16
p16x63bins.1,arb,0,1,0,1,1,1,
p16x63bins.1,ERG6,1,1059,8120,9178,1,-1,k141_102737_11
p16x63bins.1,ERG7,1013,4474,4705,8166,-1,1,k141_102737_12
p16x63bins.1,CYP51,4480,5868,3311,4699,-1,1,k141_102737_13
p16x63bins.1,ERG24,5877,7019,2160,3302,-1,1,k141_102737_14
p16x63bins.1,HP_or_non-steroid_gene,6977,8092,1087,2202,-1,1,k141_102737_15
p16x63bins.1,DFR,8105,9178,1,1074,-1,1,k141_102737_16
p16x63bins.32,arb,0,1,0,1,1,1,
p16x63bins.32,ERG6,1,1032,1,1032,1,1,k141_835293_33
p16x63bins.32,DFR,1036,2157,1036,2157,1,1,k141_835293_34
p16x63bins.32,HP_or_non-steroid_gene,2150,3277,2150,3277,1,1,k141_835293_35
p16x63bins.32,ERG24,3264,4364,3264,4364,1,1,k141_835293_36
p16x63bins.32,CYP51,4373,5782,4373,5782,1,1,k141_835293_37
p16x63bins.32,ERG7,5779,9168,5779,9168,1,1,k141_835293_38
p16x63bins.43,arb,0,1,0,1,1,1,
p16x63bins.43,ERG3,1,825,2195,3019,1,-1,k141_879184_3
p16x63bins.43,HP_or_non-steroid_gene,841,2034,986,2179,1,-1,k141_879184_4
p16x63bins.43,ERG6,1994,3019,1,1026,-1,1,k141_879184_5
p16x63bins.44,arb,0,1,0,1,1,1,
p16x63bins.44,ERG6,1,1002,1227,2228,1,-1,k141_523675_32
p16x63bins.44,ERG24,1089,2228,1,1140,-1,1,k141_523675_33
p16x63bins.52,arb,0,1,0,1,1,1,
p16x63bins.52,DFR,1,1095,1,1095,1,1,k141_621503_429
p16x63bins.52,HP_or_non-steroid_gene,1151,2269,1151,2269,1,1,k141_621503_430
p16x63bins.52,ERG24,2292,3359,2292,3359,1,1,k141_621503_431
p16x63bins.52,CYP51,3392,4789,3392,4789,1,1,k141_621503_432
p16x63bins.52,ERG7,4786,8157,4786,8157,1,1,k141_621503_433
p16x63bins.69,arb,0,1,0,1,1,1,
p16x63bins.69,FDFT1,1,1053,1,1053,1,1,k141_186423_10
p16x63bins.69,FDFT1,1053,2102,1053,2102,1,1,k141_186423_11
p16x63bins.70,arb,0,1,0,1,1,1,
p16x63bins.70,ERG2,1,576,1024,1599,-1,1,k141_674917_9
p16x63bins.70,ERG6,589,1599,1,1011,-1,1,k141_674917_10
p16x65bins.1,arb,0,1,0,1,1,1,
p16x65bins.1,DFR,1,1149,1,1149,1,1,k141_88787_301
p16x65bins.1,HP_or_non-steroid_gene,1212,2333,1212,2333,1,1,k141_88787_302
p16x65bins.1,ERG24,2314,3423,2314,3423,1,1,k141_88787_303
p16x65bins.1,CYP51,3432,4838,3432,4838,1,1,k141_88787_304
p16x65bins.1,ERG7,4835,8230,4835,8230,1,1,k141_88787_305
p16x65bins.1,HP_or_non-steroid_gene,8327,9703,8327,9703,1,1,k141_88787_306
p16x65bins.1,ERG6,9841,10890,9841,10890,1,1,k141_88787_307
p16x65bins.14,arb,0,1,0,1,1,1,
p16x65bins.14,ERG7,1419,4811,4697,8089,-1,1,k141_913059_43
p16x65bins.14,CYP51,4808,6205,3303,4700,-1,1,k141_913059_44
p16x65bins.14,ERG24,6214,7290,2218,3294,-1,1,k141_913059_45
p16x65bins.14,HP_or_non-steroid_gene,7292,8398,1110,2216,-1,1,k141_913059_46
p16x65bins.14,DFR,8395,9507,1,1113,-1,1,k141_913059_47
p16x65bins.33,arb,0,1,0,1,1,1,
p16x65bins.33,CYP51,1,1410,1113,2522,-1,1,k141_309876_2
p16x65bins.33,ERG24,1419,2522,1,1104,-1,1,k141_309876_3
p16x65bins.37,arb,0,1,0,1,1,1,
p16x65bins.37,ERG24,1,1128,1,1128,1,1,k141_238778_105
p16x65bins.37,ERG24,1168,2304,1168,2304,1,1,k141_238778_106
p16x65bins.40,arb,0,1,0,1,1,1,
p16x65bins.40,ERG6,1,1032,8203,9234,1,-1,k141_254239_12
p16x65bins.40,ERG7,1068,4490,4745,8167,-1,1,k141_254239_13
p16x65bins.40,CYP51,4487,5896,3339,4748,-1,1,k141_254239_14
p16x65bins.40,ERG24,5905,7005,2230,3330,-1,1,k141_254239_15
p16x65bins.40,HP_or_non-steroid_gene,6992,8077,1158,2243,-1,1,k141_254239_16
p16x65bins.40,DFR,8074,9234,1,1161,-1,1,k141_254239_17
p16x65bins.41,arb,0,1,0,1,1,1,
p16x65bins.41,ERG24,1,1095,1,1095,1,1,k141_825801_216
p16x65bins.41,CYP51,1239,2510,1239,2510,1,1,k141_825801_217
p16x65bins.41,ERG7,2507,5896,2507,5896,1,1,k141_825801_218
p16x65bins.41,HP_or_non-steroid_gene,5920,6651,5920,6651,1,1,k141_825801_219
p16x65bins.41,ERG6,6734,7780,6734,7780,-1,-1,k141_825801_220
p16x65bins.41,ERG6,7999,9030,7999,9030,-1,-1,k141_825801_221
p16x65bins.41,HP_or_non-steroid_gene,9035,10123,9035,10123,-1,-1,k141_825801_222
p16x65bins.41,DFR,10120,11265,10120,11265,-1,-1,k141_825801_223
p16x65bins.48,arb,0,1,0,1,1,1,
p16x65bins.48,ERG7,1,1638,1,1638,1,1,k141_726560_1
p16x65bins.48,ERG6,1586,2617,1586,2617,-1,-1,k141_726560_2
p16x65bins.51,arb,0,1,0,1,1,1,
p16x65bins.51,DFR,1,1029,11815,12843,1,-1,k141_66698_14
p16x65bins.51,HP_or_non-steroid_gene,1031,1792,11052,11813,1,-1,k141_66698_15
p16x65bins.51,HP_or_non-steroid_gene,2338,3072,9772,10506,-1,1,k141_66698_16
p16x65bins.51,ERG6,3761,4717,8127,9083,1,-1,k141_66698_17
p16x65bins.51,ERG7,4665,8108,4736,8179,-1,1,k141_66698_18
p16x65bins.51,CYP51,8105,9487,3357,4739,-1,1,k141_66698_19
p16x65bins.51,ERG24,9505,10608,2236,3339,-1,1,k141_66698_20
p16x65bins.51,HP_or_non-steroid_gene,10592,11689,1155,2252,-1,1,k141_66698_21
p16x65bins.51,DFR,11719,12843,1,1125,-1,1,k141_66698_22
p16x65bins.53,arb,0,1,0,1,1,1,
p16x65bins.53,ERG24,1,1140,1,1140,1,1,k141_296351_4
p16x65bins.53,ERG24,1265,2404,1265,2404,1,1,k141_296351_5