Genome,jk18x11,jk18x1bz,jk18x22,jk18x25,jk18x27,jk18x34,jk18x40,jk18x44,jk18x7,jk18x8,jk18x9,jk18xA,p16x33,p16x34,p16x43,p16x44,p16x57,p16x60,p16x63,p16x65
unmapped,44.086945,45.736427,23.364931,31.468414,44.87511,20.727562,70.028046,88.71422,31.536377,46.781933,17.160862,45.32443,51.68595,42.067535,31.084389,62.96003,45.33838,30.315613,28.181124,45.84088
jk18x22bins.76,0,0,0.685712,0,0,0,0,0,0,0,0,0,0,0,0,0,0,0,0,0
p16x44bins.13,0,0,0.042013142,0.024429938,0.019583112,0.14930834,0.0163696,0,0.006315491,0,0,0,0.07969033,0.13377906,1.2438201,0.394275,0.11438443,0.34222993,0.133944,0.1006711
p16x60bins.66,0.019662661,0,0,0.020589326,0.10995889,0.29387447,0,0,0.019712824,0.017935745,0,0,0.04226131,0.1007695,0.01932563,0.020465828,1.0422915,2.4338055,0,0
p16x60bins.63,0,0,0.016965257,0.017758632,0,0,0,0,0,0,0.004415525,0,0,0,0.009241244,0.041018624,0,0.9898241,0,0
p16x60bins.32,0,0,0.23264293,0.07975406,0.013302749,0.025559649,0,0,0.014140102,0,0.0142295025,0,0.01203627,0.00880771,0.08665475,0.09808671,0.28284907,0.84313625,0,0
jk18x1bzbins.85,0.09290087,0.75936586,0.21085401,0.27247873,0.25799966,0.22378565,0.19918418,0.04606342,0.19841845,0.09130944,0.18090358,0.23314369,0.30594298,0.25677696,0.338025,0.1760884,0.18910973,0.15986733,0.27156538,0.2205659
jk18x27bins.2,0,0,0.019688098,0.010409693,0.25160354,0.018111117,0.020585403,0,0,0,0,0,0.0315757,0,0.060265772,0.028581563,0.018371457,0.015182565,0.0125303455,0
jk18x22bins.52,0.12670392,0,1.1570855,0.7190015,0.5497018,0.10142373,0.009283104,0,0.30360815,0.1940061,0.4087535,0,0.013183853,0.011291761,0.036541987,0.02214008,0.021306496,0.08766072,0.033367235,0.012754731
jk18x34bins.57,0,0,0.036481973,0.28780717,0.086576484,0.3129702,0,0,0.016400654,0,0,0.014672113,0.00832238,0.027451124,0.009647129,0,0,0,0,0
jk18xAbins.27,0,0.06390139,0.020609898,0.021254772,0.0148169985,0.022230405,0,0,0.04176554,0,0.11180477,0.21217333,0.023390293,0.01768618,0.025318647,0.008693797,0,0,0.016560188,0
jk18xAbins.46,0,0,0.034662213,0,0,0,0,0,0,0,0,0.22457889,0,0,0.028570099,0.007831026,0,0,0.025880767,0.0077260323
p16x34bins.36,0.013855536,0.021431299,0.014893316,0.036049537,0.13978791,0.11271119,0.03097581,0.015178409,0.0689083,0.02370192,0.06271881,0.012089107,0.21510923,0.28489745,0.07001787,0.045966677,0.12109397,0.0897109,0.08764428,0.21349974
jk18x25bins.41,0.014234133,0.012693187,0.12474788,0.19974218,0.027126307,0.0652963,0.066649,0,0.022785768,0.014511657,0.05110666,0,0.06288352,0.05208773,0.011588568,0,0.006616432,0.012544239,0,0
jk18x25bins.22,0.028268127,0,0.06500195,0.5081389,0.03507066,0.04350161,0.017495412,0,0.039070196,0.040768407,0.15510587,0.010106292,0.032562297,0.038880408,0.04580006,0.019202717,0.018850796,0.05585685,0.029064568,0.0155811645
jk18x9bins.33,0.11928642,0,0.042918082,0,0.11895154,0.15966456,0,0,0.38234085,0.1962429,0.94888693,0,0,0,0,0,0,0,0,0
p16x34bins.13,0,0,0.025681078,0.09358015,0.008725522,0.014168573,0,0,0.014892371,0,0,0.019200232,0.07560506,0.6214329,0.011090074,0,0,0,0,0
jk18x34bins.12,0.014825323,0,0.04615373,0.07132827,0.21219392,0.6104376,0.041140582,0.019405503,0.028797505,0.022040753,0.019653589,0.0074772504,0.14799531,0.07959045,0.033547062,0.008716855,0.10803613,0.093020774,0.07800652,0.010894398
jk18x1bzbins.74,0,0.3942653,0,0,0,0.017729519,0.024390237,0,0.012868515,0,0,0.0139836995,0.014039303,0,0.038071644,0.015632732,0,0.082039654,0,0
jk18x1bzbins.9,0,0.5201063,0.030214166,0,0,0,0,0,0,0,0,0,0,0,0,0,0,0,0,0
jk18xAbins.44,0.036630716,0.025260841,0,0.030915858,0.06997878,0,0.01349831,0,0.05343131,0.05199339,0.060311753,0.5772932,0.054502696,0.064197846,0.016250337,0.021130066,0,0,0.0123011265,0
jk18x9bins.53,0.10005774,0.058915954,0.01048454,0.028353859,0.009635059,0,0.034534115,0,0.25454006,0.16271512,0.51614547,0,0.059040517,0.031334996,0.0369033,0.010643608,0.0070744455,0.006314523,0,0
jk18x1bzbins.36,0,0.31250328,0.06617068,0,0,0,0.019361934,0,0,0,0,0.1207032,0,0,0,0,0,0,0,0
jk18x40bins.26,0.008159159,0.03906294,0.0074750977,0.023149492,0.007070078,0,0.5135495,0.078353666,0.014140288,0.012591434,0,0,0.04079372,0.021152781,0.022426168,0.0068728607,0,0,0,0
p16x65bins.10,0.016580315,0,0.31470954,0.044950385,0.03162626,1.2081025,0.21575585,0.21905564,0.09766486,0.016686974,0.068802655,0,0.03973187,0.11725605,0.27623242,0.10110855,0,0.031112326,0.56983644,0.39805838
jk18xAbins.51,0.16868225,0,0.052294184,0.07633264,4.3696456,7.635672,0,0,0.048718113,0.14402029,0,2.813502,0,0,0.08089115,0.06838065,0.15005636,0.16018392,6.552212,4.783563
jk18x1bzbins.7,0,0.43737426,0.033718325,0,0,0,0,0,0,0,0,0,0,0,0.028707458,0.00841888,0,0,0.027034644,0.008628714
jk18x11bins.53,0.31576982,0.010516567,0,0.015629208,0.04542117,0.050064303,0.01813057,0,0.19098571,0.5797274,0.28341818,0.008716277,0.027586361,0,0.026603533,0.01294862,0.021425707,0,0.024590537,0.059949853
jk18x7bins.47,0.04071639,0,0.053006843,0.034755036,0.03589616,0.045918327,0.015629794,0,0.36041138,0.057239424,0.39200532,0.008739111,0.029235832,0.036448713,0.0415816,0.01765009,0.016347107,0.050904818,0.027773272,0.013526117
p16x60bins.8,0,0,0.080334686,0.112482086,0.11128676,0.11279081,0,0,0,0,0,0,0,0,0.09859944,0.032825824,0.11211401,0.20899315,0.06289616,0.043240488
p16x65bins.31,0,0,0.031789325,0,0.043635428,0.054042887,0.022460155,0,0.04534084,0,0.038408026,0.022676304,0.046740003,0.09300862,0.047855005,0.019543462,0.0883856,0.121545866,0.28311062,0.34375232
jk18x1bzbins.25,0,3.4461658,0,0,0,0,0,0,0,0,0,0,0,0,0,0,0,0,0,0
p16x65bins.48,0.0068986127,0.10856301,0.070792854,0.056407362,0.02384046,0,0.039999187,0,0.015678177,0,0.016796634,0.07049564,0.03746807,0.026516745,0.023434237,0,0.017174631,0.021347731,0.29431194,0.23534548
p16x63bins.29,0,0,0.23200493,0,0.03620424,0.57761,0.033067975,0.011088717,0.13499273,0,0.035749808,0,0.40973327,1.2470614,0,0,0.21518788,0.04160833,2.2038753,1.017417
jk18x27bins.68,0,0.28480405,0,0.18219075,0.43711206,0.65477616,0.05240226,0.007907267,0,0,0,0,0.04063946,0,0,0,0,0,0,0
jk18x27bins.49,0,0,0,0.27598742,1.1142324,0,0.15537067,0.017393116,0.046596114,0,0,0,0,0,0,0,0,0,0,0
p16x34bins.60,0.005370196,0.02762989,0.073038496,0.060811285,0.034107264,0.13416694,0.04469794,0,0.008239784,0.008666942,0.011366237,0.010179812,0.21505797,0.47311124,0.124087654,0.04598278,0.03660309,0.045887213,0.12094635,0.021144634
p16x34bins.14,0,0.0066055143,0.06230724,0.0070713223,0.033478078,0,0,0,0,0,0,0,0.3059468,0.86193776,0.018259719,0.010197733,0.027349181,0.04767798,0,0
p16x34bins.1,0.005451546,0.0095447395,0.18699734,0.008040338,0.07822759,0,0.03421997,0.012262781,0.008855688,0.014142779,0.023240315,0.08258298,0.21702427,0.49768645,0.015342239,0,0.06943056,0.10362064,0.03047268,0.014838371
jk18x25bins.56,0.010573003,0,0,3.6537056,0.047359552,0.022458255,0.20992379,0.061791234,0.058935802,0,0.007436753,0,0.050967902,0.23697829,0.037696104,0.0113857,0.045938186,0.025768073,0.060461365,0.034030247
jk18x1bzbins.81,0.044919204,0.26770762,0.32998127,0.44104,0.36169633,0.4800138,0.08691512,0.016254917,0.15972002,0.06519775,0.2669008,0.14932443,0.046562914,0.08193751,0.14238305,0.035244092,0.0817994,0.22253701,0.060000744,0.033235196
jk18x7bins.73,0.018619632,0,0,0.19502097,0,0,0,0,1.4776123,0.022934377,0.29887873,0,0,0,0,0,0.09623437,0,0,0
jk18x34bins.36,0.031346183,0.10599765,0.110898316,0.014990735,0,0.20020656,0.009976151,0,0.010784214,0.0400554,0.010007253,0.016504291,0,0,0.06451655,0.03872617,0.024684314,0.08255076,0.006478548,0
jk18x34bins.52,0.0057310998,0,0,0,0,0.73974055,0.012451262,0,0.038764838,0,0.013289435,0,0.016193936,0.01596407,0,0,0,0,0,0
p16x57bins.32,0,0,0.022572158,0,0,0.038749408,0,0,0.036347546,0,0.032386728,0,0.048336267,0.09171512,0.027969388,0.010844793,0.20193473,0.19048916,0.066904515,0.08204916
p16x43bins.26,0.012182523,0.019334607,0.047792893,0.05162025,0.041049995,0.03614299,0.114686854,0.020716596,0.04250837,0.020820985,0.048298813,0.020753354,0.14483705,0.101404406,1.0619998,0.2321086,0.10322382,0.43514833,0.115918614,0.07503036
jk18xAbins.45,0,0.6737877,0.086329214,0.087552,0,0,0.11642825,0.10268552,0,0,0,2.134667,0,0,0,0,0,0,0,0
jk18x8bins.13,0.25756016,0,0.073785156,0,0.14634803,0.18183671,0,0,0.42148143,0.42023402,0.52710676,0,0,0,0,0,0,0,0.010927559,0
p16x60bins.11,0.014722857,0.018810881,0.013101834,0.035983037,0.12793972,0.1159672,0.02905622,0.014712587,0.066065334,0.024011854,0.05904695,0.011922715,0.22092707,0.07610138,0.06573866,0.044019137,0.129578,0.31422228,0.08549952,0.22442092
p16x57bins.38,0.022877062,0.049186565,0.06825411,0.15172297,0.16853708,0.070664644,0.08608755,0.022311144,0.056799185,0.028482087,0.099382766,0.03056292,0.038244233,0.09229228,0,0.0075029773,0.26949006,0.36281115,0,0
p16x57bins.39,0.029525483,0.07823448,0.07013951,0.08008578,0.07170228,0,0.0109901065,0,0.047635324,0.038401272,0.05891303,0,0.048789904,0.05542338,0.078672536,0.18372028,2.4906766,4.9263043,0.011136423,0
jk18x34bins.64,0.009467804,0,0,0,0,0.30313265,0.011364424,0,0,0.015332949,0,0,0.045468066,0,0,0,0,0,0,0
p16x63bins.52,0,0,0.020100504,0.010761929,0.007936489,0,0,0,0.038501002,0,0,0.009701496,0.037128452,0.021694258,0.010715114,0,0,0,0.8932927,0.49840546
jk18x7bins.104,0.07493095,0,0.046417665,0,0,0,0.061328825,0.0070553385,0.20049845,0.112730235,0.17309368,0,0,0,0,0,0,0,0,0
p16x57bins.45,0.010889125,0.015524652,0.041384052,0.03483218,0.034335062,0.03092804,0.1031095,0.01888954,0.03894101,0.020249449,0.04360988,0.019157188,0.13437736,0.0818103,0.14370234,0.036566813,0.3184803,0.3260198,0.07646789,0.07391321
jk18x22bins.75,0.010255979,0.03964598,0.390232,0.092968166,0.046170045,0.023512904,0.067177296,0.011514478,0.08005613,0.025949849,0.120521,0.032591827,0.031427033,0,0,0,0,0,0.04566,0.010601388
jk18x7bins.95,0.059215494,0.045688253,0.050395966,0.06506008,0.12698114,0.086802274,0.041058753,0.009125846,0.6995395,0.064636365,0.18989266,0.021770556,0.02643328,0.03266896,0.02716396,0.010152781,0.029079875,0.059535615,0.028341684,0.015956055
jk18x7bins.84,9.419319,0,0.7206928,4.159477,0,0,0,0,10.458077,8.608348,12.954952,0.49538723,0,0,1.8839695,1.1932442,0,0,0.27448973,0
p16x65bins.25,0.014501734,0,0.04384822,0.032522574,0.08337448,0.04382786,0.08716651,0.016537143,0.10567215,0.03858406,0.1704398,0.028373746,0.118403584,0.037327014,0,0,0,0,0.22230537,0.5032468
p16x34bins.50,0.005947148,0.11224791,0.047068086,0.028672129,0.107772015,0.10200175,0.040807325,0,0.030257728,0.008826561,0.028530236,0.045708705,0.27668262,0.72259355,0.22832246,0.07386561,0.045138016,0.09785861,0.09784207,0.045669086
jk18x11bins.40,0.3020393,0.029844748,0.07245032,0,0,0,0.024229156,0,0.17351794,0.031657662,0.18275398,0.028069384,0,0,0.03042994,0,0,0,0.024830686,0.015276765
jk18x9bins.74,0.06679663,0,0,0,0,0,0.017133333,0,0.23384205,0.12126052,0.6557283,0,0.01703076,0,0,0,0,0,0,0
p16x34bins.45,0,0,0.035867848,0,0,0,0.010045211,0,0,0,0,0,0.061529405,1.5347046,0.062160105,0.019542614,0.011950905,0.031467825,0,0
p16x63bins.71,0.022562794,0,0.087039,0.06671601,0.17675868,0.09253526,0,0,0.031056147,0.019525664,0,0.02246106,0,0,0.015052818,0.014996361,0,0,0.34014943,0
jk18xAbins.67,0,0.42964703,0,0,0,0,0,0,0,0,0,0.48703364,0,0,0.048554417,0.0149089955,0,0,0,0
p16x60bins.18,0.018125307,0,0.28430727,0.039879188,0.02940521,1.0771674,0.22739738,0.22829506,0.118201725,0.018578764,0.076770134,0,0.041279845,0.11834146,0.24161968,0.08826631,0,0.26404175,0.07927283,0.0868152
jk18x22bins.40,7.129047,0,15.944267,5.9170794,0,0,0,0,1.3461617,6.464148,1.8621625,4.883268,0,0,4.542913,2.0602589,0,0,1.3466907,0
jk18x25bins.14,0,0,0,0.6991085,0.06389212,0.18205461,0.02513869,0,0.0043387995,0,0.014635048,0,0.11058455,0.05155687,0.047310807,0.011824632,0.017308053,0.06268706,0.023324978,0.025548512
p16x65bins.33,0.10833668,0.037187956,0.19784282,0.18277375,0.18767641,0.3173797,0.09488245,0.014593012,0.18628,0.09590408,0.22458354,0.019162899,0.07404206,0.057060786,0.09336197,0.028751224,0.05175826,0.09966148,0.15935,0.27041
jk18x7bins.54,0.05891841,0,0,0,0,0,0,0,0.30909297,0.027355779,0.7375783,0,0,0,0,0,0,0,0,0
p16x33bins.38,0.008257201,0.016740333,0.0122808665,0.008648602,0.09527993,0.044045106,0.014915438,0,0.024287006,0,0.034792453,0.01234869,0.30116704,0.08981192,0.02212045,0.013748615,0.084482126,0.027872866,0.055556346,0
p16x65bins.39,0.40555668,0,0.1544678,0.16570696,4.5320063,7.796934,0,0,0.1284471,0.34048435,0.12535089,1.5064459,0,0,0.21380152,0.16391735,0.42168775,0.4969344,15.558697,13.839699
p16x44bins.23,7.2796493,0,0.8913805,2.3857238,0,0,0,0,1.1947296,6.559508,1.7982451,0.8991128,0,0,13.296681,11.996754,0,0,0.35158455,0
p16x33bins.2,0.0430567,0.019318229,0.17995206,0.18080482,0.18417856,0.24523452,0.077286884,0.014345669,0.15217707,0.061681394,0.24530125,0.070051305,0.5527309,0.5260092,0.20782259,0.06290309,0.100161105,0.27426374,0.07954473,0.048638538
p16x34bins.10,0,0,0,0,0.038168844,0.033418033,0,0,0.0035767015,0,0,0,0.020910718,0.49980512,0.18466969,0.0361182,0.10050204,0.12303143,0.036143266,0.027289335
jk18x40bins.35,0,0,0,0,0,0,1.2180711,0,0.16256483,0,0,0,0,0,0,0,0,0,0,0
p16x43bins.35,0.0065619117,0.032819197,0.03788559,0.0744429,0.14656533,0.05554122,0,0,0,0,0,0,0.270542,0,0.8208838,0.35740846,0,0,0.09073163,0.10074732
jk18x27bins.69,0.0044622254,0.03955168,0.011267076,0.08985283,0.29894674,0,0,0,0.006887185,0,0.0060499893,0.0068938183,0.061685394,0.10703839,0.010510318,0,0,0,0,0
jk18x25bins.86,0,0.00809465,0.14458078,0.362451,0.038074933,0,0,0,0,0,0,0,0.07782832,0.014755988,0.021081407,0.011454193,0.0063282717,0.012363072,0,0
jk18x27bins.37,0,0,0.1456907,0.17595953,0.37379676,0,0.084871456,0.017905064,0.0067632105,0,0.011679243,0,0,0,0.019012397,0.0079303235,0,0,0.02221218,0.011476622
p16x33bins.47,0,0.88464856,0.035710044,0.07653021,0.032007717,0,0.2802749,0.16024913,0,0,0,0,0.41657454,0,0.10546857,0.02619078,0,0.03290801,0.099725775,0.05787214
jk18x22bins.99,0.0055205724,0.10661523,0.2412783,0.06780168,0.041020382,0.018886803,0.05219296,0.0075739776,0.0071159587,0,0.021999551,0.018758163,0.095004395,0.02931173,0.016888678,0,0.010181463,0.009183796,0.03852392,0
p16x63bins.1,0,0,0.10570547,0.09316073,0,0,0,0,0.16376464,0.037006956,0.030278122,0.10279168,0,0,0.0524883,0.06632253,0,0,0.82838887,0.16031924
jk18x7bins.67,0.08390077,0,0.012291578,0,0.05563859,0.026157903,0,0,0.30288458,0.10183987,0.059885364,0,0.043845706,0.14421502,0.013564519,0.008480413,0.088663965,0.16293721,0.04462439,0.084148034
p16x44bins.4,0,0,0.06370992,0.08866396,0.1065177,0.11162818,0,0,0,0,0,0,0,0,0.4077869,0.15088326,0.025486516,0.051720213,0.059770267,0.0405351
jk18x9bins.28,0.0087091,0.0523749,0.014493026,0.09715847,0,0,0,0,0.26036367,0.011299613,0.3238049,0.012377092,0,0,0.012097322,0,0,0.008819101,0.0061852317,0
jk18x34bins.55,0.014246682,0.013985556,0.12349437,0.027641011,0.026543126,0.43571964,0.06661807,0,0.023118433,0.015195734,0.04996318,0,0.062751636,0.049427465,0,0,0.0070097377,0.014084315,0,0
jk18x25bins.60,0,0.024354717,0.08153828,0.3962229,0.015313293,0.022150505,0.021355169,0,0.021719312,0,0.06419948,0.006152211,0.050757546,0.034380198,0.050188158,0.016684754,0.03115979,0.04745957,0.03263704,0.021475105
jk18x22bins.66,0,0,2.424837,1.6182152,0,0,0,0,0.87497705,0,0.35220873,0.63768524,0,0,0.506387,0.38122714,0,0,0.4424944,1.3843882
jk18x7bins.92,0.027549744,0,0,0,0,0,0.034762815,0,0.25440085,0.063188754,0.27993715,0,0,0.02671785,0,0,0,0,0,0
jk18xAbins.60,0,0.05543142,0.19786096,0.05010731,0.05294265,0,0.1485009,0.021691503,0,0,0,0.44459906,0,0,0.017578337,0,0,0,0,0
p16x44bins.21,0,0.9917855,0.026523862,0.08084541,0.0335161,0,0.30458042,0.17146899,0,0,0,0,0.04073436,0,1.7699531,0.52845895,0,0.05248647,0.09332256,0.054255344
jk18x22bins.33,0,0,0.3351594,0.21321006,0.1331811,0.2149113,0,0,0,0,0,0.011157759,0.032634117,0.0576,0.01352765,0,0,0,0,0
p16x34bins.24,0,0,0,0.031343255,0.02923568,0.08812323,0.022428552,0,0,0,0,0,0.18539059,1.246101,0.061646115,0.015075241,0.022321336,0.08850982,0.028269362,0.031217212
jk18xAbins.3,0,0,0.047376968,0,0,0,0,0,0,0,0,0.35850355,0,0,0,0,0,0,0,0
p16x60bins.21,0,0,0,0.029450564,0.022022933,0.010149357,0,0,0,0,0,0.00900958,0,0,0.08998556,0.030128011,0.17403264,0.22613794,0,0
jk18x34bins.62,0,0,0.050559036,0,0.2851186,0.4372433,0,0,0,0,0,0,0.05055583,0.011767006,0.013776381,0.0074566705,0,0.00871514,0,0
p16x63bins.32,0,0,0,0,0,0,0,0,0,0,0,0,0,0,0,0,0,0,0.40547386,0.37851977
p16x65bins.5,0,0.010871261,0,0.023052523,0,0,0,0,0.009896395,0,0,0.053345982,0.07340454,0,0.029898774,0.010426945,0,0,0.69946665,1.1351043
jk18x11bins.34,0.9627978,0.011651301,0,0.023353742,0,0,0.02985235,0,0.094082005,0.70181817,0.11539123,0,0.05073307,0.0591613,0.011519516,0.01230917,0,0,0,0
jk18x9bins.87,0.21415304,0,0.091696486,0.07774045,0,0,0,0,0.634178,0.22258806,0.5825517,0.057076693,0,0,0.023974137,0.029793391,0,0,0.035834968,0.010979507
jk18x11bins.48,1.6657544,0,0.10635159,0.08459667,0,0,0,0,0.39089075,0.6194532,0.11070923,0.079756856,0,0,0.027432207,0.0337245,0,0,0.043535966,0
jk18x9bins.88,0.015334961,0.013570301,0.022654546,0,0.03523284,0,0.01821986,0,0.05985512,0.025987284,1.1613975,0.021070266,0.033977415,0.39769047,0.023163853,0,0,0,0.014970648,0
p16x33bins.8,0,0,0.015638234,0,0.010836179,0.010534109,0.014833292,0,0,0,0,0,0.20715353,0.013083875,0.03949765,0.017903352,0.008634765,0.010025292,0.007974291,0
jk18x34bins.63,0,0,0.1617188,0.2126707,0.13811074,0.4412632,0,0,0,0,0,0.0064970413,0.031164104,0.056559477,0,0,0,0,0,0
jk18x1bzbins.55,0,0.7522834,0,0,0,0,0,0,0,0,0,0,0,0,0,0,0,0,0,0
jk18x34bins.37,0,0,0.010632473,0.011703975,0.02477694,0.4314411,0.02553519,0,0.0148170395,0,0.012778459,0.01004196,0.064341225,0.083162785,0.048787948,0.01388658,0.048144504,0.087755084,0.12978958,0.17123397
jk18x8bins.7,0.10193313,0.015535884,0.061816823,0.026516682,0.03758721,0.046894416,0.18440819,0.040848725,0.088463336,0.7616986,0.18096244,0.019782273,0.046719268,0.031068128,0.034715243,0.01044258,0.019376934,0.0747683,0.022267558,0.01803439
jk18x27bins.36,0,0.018826919,0.0574653,0.028561547,0.18133713,0.07413599,0.056574136,0.007968699,0.03986051,0,0.10945779,0.010018771,0.029680014,0.01894731,0.02236705,0.007741802,0.015665373,0.022126153,0.016741145,0
jk18x25bins.87,0.0032711425,0,0.16003416,0.33552396,0,0,0,0,0.0038274536,0.0104977945,0.009678052,0,0,0,0.016316785,0.023853268,0,0,0,0
jk18x9bins.18,0.012495006,0,0,0,0.037743542,0,0.043892615,0.025952196,0.13921347,0.023143675,1.1497087,0,0,0,0.030117651,0.019962257,0.015159786,0.020371439,0,0
p16x43bins.66,0,0,0.21272978,0.06476045,0.016867798,0.03166946,0,0,0.014655428,0,0.01383033,0,0.014912236,0.011302539,0.32929757,0.3203459,0.11010138,0.24420522,0,0
jk18xAbins.20,0.21939632,0,0.026773913,0.04070685,0,0,0,0,0.031284083,0.14357696,0.029530251,0.2973614,0,0,0.022297662,0.045023896,0,0,0.04550995,0
jk18x25bins.51,0,0.075457685,0.05385263,2.2092464,0.019893095,0.07927538,0.025957271,0,0.009606465,0,0.011222963,0.022811102,0,0.030114217,0.028741524,0,0.034792382,0.019029818,0.04451101,0.033303156
jk18x1bzbins.67,0,0.5479275,0,0,0,0,0,0,0,0,0,0,0,0,0,0,0,0,0,0
jk18xAbins.61,6.8821497,0,3.837316,5.4892855,0,0,0,0,0.819261,6.210716,1.2486368,15.529264,0,0,3.897633,1.5817997,0,0,0.7871221,0
p16x33bins.19,0,0.110106766,0,0.38436657,0.063790455,0.22867829,0.054721456,0.008942357,0,0,0,0,0.36828178,0,0,0,0,0,0,0
jk18x1bzbins.57,0.00567894,0.578108,0.0395741,0.16817556,0,0,0,0,0.009221425,0,0,0,0.02785661,0.03370856,0.049037118,0.0083124805,0.025380561,0.03571717,0,0
p16x34bins.65,0,0,0.026923897,1.0800894,0,0,0,0.020017527,0,0,0,0.012539962,0,1.8425841,0,0,0.8770809,0,0,0
p16x65bins.40,0.0104242675,0.016148258,0.030002067,0,0.028841728,0.0295939,0.107577905,0.019190129,0.029492943,0.017703453,0.03850023,0.019344928,0.20999934,0.17248596,0.1363215,0.037071303,0.10158633,0.29676402,0.105655834,0.50838065
jk18x7bins.13,0.05331977,0.015548857,0.033531494,0.036582354,0,0,0,0,0.37779677,0.08605935,0.28863752,0,0,0,0,0,0,0,0,0
jk18xAbins.48,0.007881414,0.022988815,0.013484498,0.022011373,0.021941591,0.03509834,0.02407711,0,0.026968025,0,0.02685388,0.335003,0.017352544,0.028137043,0.015029045,0,0,0.01766457,0.014110427,0
jk18x27bins.71,0.3849931,0.07082751,0.1315059,0.1780347,9.897867,10.131235,0,0,0.12710999,0.29323837,0.12645453,1.5232106,0,0,0.18039604,0.13032658,0.21919481,0.24867745,7.206781,5.2155013
p16x33bins.37,0,0,0,0,0,0,0,0,0.061997052,0.009482848,0.13997005,0,0.36067668,0,0,0,0,0,0,0
jk18x40bins.47,0,0,0,0,0,0,0.43187568,0.14352593,0,0,0,0,0.045939382,0.018325869,0,0,0,0,0,0
jk18x22bins.16,0.012666323,0.048388332,0.4281939,0.06788977,0.031224523,0.029834297,0.049359206,0.011567014,0.030252146,0.02254999,0.049197398,0.035799965,0.03108533,0,0.03632793,0.013347629,0.02097227,0.027660362,0.042272583,0.02390739
p16x44bins.32,0,0,0,0,0,0,0,0,0,0,0,0,0.0404067,0.04571501,1.0103834,0.20796992,0.112017654,0.15518478,0,0
jk18x22bins.18,0,0,0.22112694,0.12058309,0,0,0,0,0,0,0,0,0,0,0.06910743,0.02710002,0,0,0,0
jk18x8bins.18,1.5150589,0,0.10976126,0.059992764,0.020754864,0.80590683,0.31618476,0.32297486,0.41660646,1.5068575,0.24970792,0,0.021541711,0.082974195,0.08485518,0.029066332,0,0.010361884,0.02527084,0.022062551
jk18x40bins.27,0,0,0.015957024,0,0,0.032909572,0.48537645,0.048051875,0.006235708,0,0.0082704015,0,0,0,0,0,0,0,0.0150588555,0.011063843
jk18x22bins.80,0,0,0.94256806,0.1383596,0.013466366,0.010171661,0,0,0.03978768,0,0,0.012532504,0.044439863,0.028566157,0.008775448,0,0.0062955846,0.006550922,0,0
p16x44bins.53,0.020470658,0,0.04584151,0.029089248,0.031135578,0.038124423,0.014346868,0,0.027220696,0.03079989,0.12063217,0.0084519815,0.057327062,0.073225394,0.62877786,0.33234558,0.03125903,0.11100277,0.033824522,0.016913224
jk18x9bins.20,0.07736209,0.013030887,0.010788129,0.018139416,0.065295525,0.06069224,0.023151917,0.011938862,0.5805457,0.12720864,1.3400738,0.009055024,0.029183628,0.011057322,0.026145866,0.013019983,0.020325815,0.012025468,0.026111387,0.052790545
jk18x1bzbins.18,0,2.059402,0.07276078,0,0,0,0,0,0,0,0,0,0.1129611,0,0.035152268,0,0,0,0,0
jk18x22bins.107,0,0,1.8096149,0.0057558385,0,0.009029188,0,0,0.016779304,0,0.022590742,0,0,0,0,0,0,0,0,0
jk18x1bzbins.28,0.010826902,2.3946443,0.030690016,0.18816055,0.08773184,0.045862406,0,0,0.0224426,0,0,0.1359627,0.053560246,0,0.025688501,0.036638264,0,0,0.044642627,0.036933575
p16x34bins.72,0.011425309,0.061186273,0.15630788,0.08842204,0.06204684,0.05218584,0.041195933,0.008067808,0.033997215,0.014146804,0.064331286,0.081333585,0.1782717,0.86700904,0.24120815,0.09233793,0.3226874,0.60231775,0.18126845,0.17406064
jk18x27bins.51,0.0052716457,0.021325648,0,0,0.25952882,0.06007857,0,0,0.009858083,0,0.019246688,0.013082681,0.05699791,0.021130074,0.056201503,0.007896113,0,0,0.018007467,0
jk18x22bins.70,0,0.040875543,1.2524642,0.051419396,0,0,0,0,0,0,0,0,0.04314077,0.009863791,0.015645916,0,0.031032028,0,0.07636518,0.04489336
p16x60bins.58,0.012856095,0.05018577,0.04917408,0.02272644,0.053831764,0.037849247,0.017021012,0,0.036297746,0.008184387,0.015922304,0.014430783,0.042770587,0.05492937,0.08525126,0.037219577,0.13247992,0.22207808,0.15521657,0.06805533
jk18x34bins.7,0,0,0,0.10769927,0.13691494,0.38043278,0.09078937,0.029330974,0.042055722,0,0.005733009,0,0.19168445,0.7405492,0.16010687,0.04872908,0.11694957,0.057194073,0.19128138,0.14927734
p16x34bins.71,0.0131359855,0.05465997,0.049882263,0.027491026,0.05801414,0.037653703,0.014347605,0,0.03919539,0.008487776,0.014143239,0.015548456,0.37950054,0.5818912,0.09480639,0.042330995,0.034508742,0.05366939,0.06654178,0.019387787
jk18x22bins.41,0.009980458,0.10808579,0.45042956,0.1057278,0.045892574,0.025047343,0.051858444,0.008890716,0.026425019,0.015901547,0.022430614,0.06766175,0.028068801,0.027695809,0.027962869,0,0.019006465,0.027900554,0.05394567,0.033390224
jk18x1bzbins.87,0.72678626,7.6230927,0.5119953,0.63250667,0.5684033,0.81498253,0,0,0.61026376,0.65836895,0.3841535,0.30472553,0.22703911,0.15555969,0.6115338,0.77411765,2.7240582,2.9240701,0.94609994,0.7554335
jk18x1bzbins.19,0,0.5780431,0.04928045,0,0.03232873,0,0,0,0,0,0,0,0.04494908,0,0.016611017,0.009276975,0,0.008334316,0,0
p16x34bins.34,0,0,0.0197349,0.0149749685,0.026167313,0.06584961,0.027149688,0,0.01532506,0,0.01349999,0.010886131,0.08396603,0.57583135,0.05120912,0.014389845,0.06103016,0.10876727,0.08073325,0.093900405
jk18x1bzbins.83,0,0.7225705,0.08122528,0.047819078,0,0,0.034867838,0,0.028096635,0,0.019888362,0.041604273,0.035449486,0.04317566,0.029057467,0,0,0,0.03385215,0.021404907
jk18x11bins.54,0.41064146,0,0,0.020740075,0.054074787,0.0399371,0,0,0.124880865,0.21476026,0.025839051,0,0,0,0,0,0,0,0,0
jk18x40bins.51,0,0.025607053,0.07218236,0.041296087,0.04123294,0.0803478,0.32829353,0.039213665,0.037825316,0,0.101290256,0.01038034,0.027181277,0.016163254,0.023782454,0.008216767,0,0.020735241,0.019091636,0
p16x33bins.42,0,0,0,0,0,0,0.008811061,0,0,0.013627485,0,0,1.6316009,0,0,0,0,0,0.012553086,0
jk18x40bins.30,0,0,0,0,0,0,0.67568123,0.17660959,0,0,0,0,0,0,0,0,0,0,0,0
p16x57bins.41,0.0063880347,0.006289555,0.028808497,0.07429898,0.08379789,0.07692042,0.09061327,0.00681766,0.026593357,0.013396045,0.02393326,0.03870685,0.062363315,0.049806975,0.028178202,0.011499207,0.32192016,0.83332837,0.1680241,0.09745071
jk18xAbins.29,0,0,0,0,0,0,0.039243534,0.007538882,0,0,0,0.18122266,0,0,0.009867816,0,0,0,0,0
jk18xAbins.55,0,0.9825926,0,0.00866975,0,0,0,0,0,0,0,1.133803,0,0,0,0,0,0,0.03991256,0.015316484
jk18x1bzbins.61,0.09790917,0.33944902,0.24079826,0.23070703,0.19357349,0.3490257,0.088313386,0.013707725,0.16842584,0.08487446,0.204967,0.025748651,0.07678144,0.050581463,0.082359314,0.02662879,0.04322982,0.083947435,0.054489855,0.047332205
p16x60bins.57,0,0,0.04926401,0.02225656,0.026002526,0.15711918,0.018174313,0,0.008229722,0,0.008509908,0,0.092232615,0.1612194,0.32449552,0.097495,0.1462709,1.5546074,0.15446468,0.11400745
p16x44bins.19,0.035861827,0.019234778,0.20027708,0.22811034,0.2155229,0.27888933,0.06908776,0.013140741,0.13077344,0.05195471,0.2122531,0.07895595,0.089707546,0.1940548,0.51579094,0.2170191,0.13257065,0.3649108,0.1106213,0.080427624
p16x33bins.66,0.010847535,0.04413556,0.047974337,0.04803157,0.1729573,0.064647496,0,0,0.019774603,0,0,0,3.3033993,0.01102922,0.071569,0.1180356,0,0,0.108119406,0.10781387
jk18x27bins.72,0,0,0.014255446,0.012228548,0.5164943,0.27760997,0.024144102,0,0.011674082,0,0,0.010441023,0.015212396,0,0.037392773,0.015554877,0,0.06307162,0.018583832,0
jk18x7bins.70,0.073240854,0,0.026255341,0.06860857,0.12609205,0.019370465,0.024342803,0.011259459,0.12208542,0.09963193,0.06527632,0,0.07972293,0.03643238,0.021483544,0.0056690606,0.057105593,0.047044456,0.043300904,0
jk18x34bins.15,0,0,0.02162335,0,0.42453453,1.6025274,0,0,0.024108533,0,0.02545492,0.017865848,0,0,0,0,0,0.015049118,0.025994595,0.018944386
jk18x8bins.27,0.031566698,0,0,0.07318184,0,0,0.035327163,0.030731956,0.066038564,0.6355505,0,0,0,0,0,0,0,0,0,0
jk18x9bins.56,0.014345663,0,0.011761626,0,0,0.04623385,0.029308617,0,0.38118008,0.008807473,0.46197194,0,0,0,0,0,0.022225913,0,0.02869494,0.02086097
p16x63bins.44,0,0,0.36962783,0,0,0,0.027616836,0,0,0,0,0.028670095,0,0,0,0,0,0,0.55773467,0.6423175
p16x43bins.65,0.13602723,0,0.12485792,0.40490207,0.37987196,0.06454488,0.01083787,0,0.32401457,0.20420119,0.4387887,0,0.014852385,0.017194038,0.28857473,0.15536673,0.04802153,0.15261355,0.045932315,0.019612314
p16x57bins.40,0,0,0.058957472,0.0081087835,0.031928446,0,0,0,0,0,0,0,0.15830114,0.08505924,0.017712288,0.00962945,0.17086636,0.25013804,0,0
p16x33bins.23,0,0,0,0,0,0,0,0,0,0,0,0,1.1466573,0,0,0,0.786413,0.5912414,0,0
jk18x25bins.8,0,0,0.24652568,0.60973936,0.028121881,0,0.074920006,0.01572528,0.0050813067,0,0,0,0,0,0.016398748,0.0073390603,0,0,0.018077329,0.008934446
jk18x27bins.44,0.006726396,0,0.31394345,0,0.41544393,0.5817673,0.033917792,0.010573658,0.23684336,0.018970596,0.11453483,0,0.1826091,0.1553452,0,0,0.19386804,0.03817324,0.4042539,0.14741586
p16x34bins.62,0.008632107,0,0.011078748,0.019085739,0.07439936,0.052424327,0.07643561,0.018561881,0.06711521,0.02499035,0.10099027,0.01777794,0.087593116,0.21834545,0,0,0.1612896,0.089337446,0.060820412,0.016245147
jk18x22bins.35,0.011752186,0,0.5042667,0.23584236,0.28422424,0.09426419,0.059495464,0.03762655,0.03885291,0.030554919,0.020751813,0.010153617,0.08172969,0.12162259,0.062013626,0.048208963,0.4596177,0.46192187,0.12098664,0.013538658
jk18x22bins.101,0,0,0.8036795,1.1277926,0,0,0,0.022715596,0,0,0,0.012446541,0,0.093341745,0,0,0.89575815,0,0,0
jk18x34bins.42,0.021012083,0,0,0,0.12844439,0.24599338,0,0,0.017238509,0.010366008,0.036766555,0,0,0,0.0104812,0.014543748,0,0,0.0978658,0.1762066
p16x44bins.17,0,0,0.022095056,0.021594124,0,0,0,0,0,0,0.0063532293,0,0,0,0.023594625,0.24608235,0,0.16853316,0,0
p16x65bins.49,0,0,0,0.075757876,0.13032135,0.03323101,0.07228327,0.023538888,0.040991742,0,0,0,0.26293403,0.8919495,0.21193214,0.06522025,0.15120235,0.073270686,0.2707768,1.5903285
p16x63bins.43,0.008542231,0,0,0.061930604,0.09183334,0.04164807,0,0,0.022790698,0,0,0.023229761,0.21322943,0,0.0626121,0.0851301,0,0,1.2989497,1.5382766
jk18x27bins.7,0.01208708,0,0,0,0.46756116,0,0.043297827,0.025266945,0.051886316,0.02206809,0.11281941,0,0,0,0.04153129,0.028184215,0.03036322,0.0403179,0,0
jk18x1bzbins.42,0,0.53764874,0,0.023987444,0,0,0,0,0.015509339,0,0,0.18708764,0,0,0.0277847,0.010041812,0,0,0.021391416,0.034434203
jk18x1bzbins.41,0,0.6632809,0.017862622,0,0,0,0,0,0.011362385,0,0,0.020740638,0.030417165,0.01673159,0,0,0,0,0,0
jk18x25bins.39,0.010969333,0.031526078,0.03780706,0.6373332,0.049625464,0.026265299,0.06504549,0.011559714,0.07861273,0.026021589,0.12155246,0.026356574,0.034316756,0,0,0,0,0,0.04554325,0.009942613
jk18x9bins.84,0.08707619,0,0.019080335,0.0220771,0,0,0.016567606,0,0.16703972,0.11503176,0.4946337,0,0,0,0,0,0,0,0,0
jk18x9bins.57,0.08981876,0,0.020599257,0,0.04966998,0,0,0,0.40048808,0,0.81957304,0.01642449,0,0,0.0636473,0.027017707,0,0,0.012311835,0
jk18x7bins.26,0.06250533,0,0.017397543,0.01768035,0.1164731,0.020715691,0.01783031,0,0.9485643,0.13631876,0.3281485,0.011530316,0,0.015351067,0,0,0,0,0,0
p16x60bins.31,0,0,0,0,0,0,0,0,0,0,0,0,0.039481647,0.04500985,0.40904155,0.07934043,0.3670535,0.5479582,0,0
p16x34bins.53,0,0,0.06496677,0.21057464,0.13427638,0.10206863,0,0,0,0,0,0.010365219,0.17647944,0.35458854,0.015511452,0,0,0,0,0
jk18x7bins.108,0.019686086,0,0.02734536,0,0,0,0.021443322,0,0.43359607,0.05065206,0.6258773,0,0,0,0,0,0,0,0,0
p16x34bins.54,0.5715836,0.3237036,0.17947613,0.21726741,0.3645476,0.54797775,0,0,0.2119032,0.3809929,0.17621367,0.20747025,6.2724357,4.3043447,0.22717498,0.23257293,0.7712523,0.84754527,0.60602075,0.46490005
p16x60bins.55,0.018334506,0,0.042227983,0.026229095,0.028927049,0.03481587,0.0141309835,0,0.025624903,0.028013168,0.106026076,0.008327008,0.060753316,0.075881384,0.09576275,0.044427823,0.04084672,0.40606236,0.031228082,0.01590282
jk18x44bins.8,0.005026129,0,0,0,0.0206162,0,0.7674444,0.41414934,0.039192233,0.009254235,0.06325427,0.015797148,0,0,0.020219551,0.012450582,0.008475724,0.011471379,0,0
jk18x7bins.5,0.0057102023,0,0.021130756,0,0.0089327935,0,0.014923762,0,0.11441489,0.04168,0.099531576,0,0.08202613,0,0.012725856,0.006877496,0,0.0064993887,0.015402373,0.012689809
p16x43bins.30,0.010300082,0,0.013534769,0.04271594,0.054788843,0.0310154,0.10788551,0.017318105,0.08669555,0.028761657,0.120408274,0.052133985,0.044021472,0,0.54728,0.22272786,0,0,0.06449491,0.015447318
jk18x40bins.40,0,0,0,0.0433609,0.022912972,0,0.43747944,0.083903655,0,0,0,0.020948622,0,0,0.011724956,0,0,0,0.025403082,0.013938984
jk18x40bins.9,0,0,0,0.37084118,0.061777905,0.015749654,2.4408207,0.6470347,0.048933282,0,0.0066046175,0,0.07181565,0.3778356,0.05761102,0.017160028,0.058422975,0.029726373,0.08339325,0.053884525
p16x43bins.54,0,0,0,0.034161616,0.028827291,0.08081541,0.020378867,0,0.003827637,0,0.013175306,0,0.17404157,0.07409624,0.72573614,0.21189357,0.022168688,0.082376145,0.028998856,0.032552823
jk18xAbins.40,0.019575547,0,0.020585608,0.02626264,0.010535367,0.008872616,0,0,0.028911764,0.024408597,0.010222764,0.21939683,0,0,0.018361852,0,0.01174102,0.01623477,0,0
jk18x1bzbins.11,0.0060374676,0.5583356,0.052765504,0.019058466,0.038123816,0.055789284,0.0222901,0,0.022898652,0.010699087,0.020954615,0.12867591,0.06117194,0.12969469,0.08090767,0.017472928,0.03864384,0.072117664,0.08346795,0.029199446
jk18x22bins.2,0,0,0.42340538,0.1687181,0.011495778,0.024956467,0,0,0.013188384,0,0,0.015169503,0.009029972,0.03404112,0.008527421,0,0,0,0,0
jk18x1bzbins.34,0,0.42649022,0.035960525,0.079367295,0,0.0155367525,0.0175326,0,0.010493659,0,0,0.04705984,0,0,0.028461685,0.010517699,0.014187391,0.019061545,0.04114269,0.03107759
p16x57bins.24,0,0,0.029237743,0.1769873,0.074774705,0,0.02636973,0,0.01841329,0,0,0.02207921,0.32160735,0.43098462,0.18407919,0.061805867,0.272411,0.3290455,0.038765077,0.02543896
jk18x1bzbins.63,0,1.7048514,0.009936918,0.09344957,0,0,0.041798014,0.029198036,0,0,0,0,0,0,0,0,0,0,0,0
p16x60bins.17,0,0,0.019728744,0.02104367,0,0.07157987,0.010684088,0,0.004781367,0,0,0,0.0376836,0.05456413,0.021565724,0.0138127105,0.0056890654,0.41093883,0,0
jk18xAbins.25,0,0,0.053918652,0.006046308,0.018041823,0.0037804584,0.03292634,0.010772502,0,0,0,0.29014295,0,0.05344605,0.02910112,0.012487232,0,0.014889197,0.03603256,0.026031606
jk18xAbins.42,0,0,0.17603536,0.21314101,0,0,0,0,0.11922363,0,0.023509886,1.918403,0,0,0.028080735,0.037595924,0,0,0.066059865,0.017515147
jk18x22bins.85,0,0,0.2995101,0.008552955,0,0.01265716,0,0,0,0,0,0,0,0,0,0,0,0,0,0
jk18x9bins.85,0.2551655,0,0,0,0,0,0,0,1.6450758,0.10435457,0.21011709,0,0,0,0,0,0,0,0,0
p16x43bins.55,0.024197126,0.1078975,0.12453881,0.013644325,0.053146716,0,0.021273801,0,0.060678676,0.029151682,0.10497207,0.055500504,0.25822294,0.6311209,0.68449324,0.24893424,0,0.0149078,0.08871792,0.04879883
p16x60bins.27,0,0.022640856,0.040352516,0.04775109,0.016412325,0.017051788,0,0,0.022225562,0,0.059224308,0.009888255,0.0707424,0.052221883,0.09394711,0.03233649,0.28649974,0.4007129,0.048200287,0.031824335
jk18x1bzbins.77,0,0.3142894,0.081306025,0.018813558,0.031469293,0.016960077,0.2549902,0.03353067,0.018348405,0.012464032,0.025066514,0.075494565,0,0,0.09195756,0.02650152,0.008445613,0.014982896,0.03230443,0.011957267
jk18x1bzbins.37,0,0.3270372,0.108737424,0.14574893,0,0,0,0,0,0,0,0,0,0,0.03366654,0.012801856,0,0,0,0
jk18x40bins.18,0.0068444824,0,0,0,0.032034744,0.019819548,0.61989605,0.11390071,0.031945124,0,0,0,0,0,0,0,0,0,0,0
p16x33bins.71,0.017011017,0.2387439,0.08307064,0.08003798,0.07218818,0.0815225,0.089291,0.010561523,0.04997845,0.017486274,0.07715212,0.1577573,0.41634315,0.07036752,0.09157637,0.031177714,0.054059606,0.045706727,0.11879342,0.055577476
jk18x1bzbins.48,0.024675177,0.5359488,0.17390424,0.16277713,0.09197405,0.09018098,0.2181592,0.038925413,0.06429967,0.033927176,0.025678666,0.11514509,0.12750362,0.0168159,0.19050452,0.064685285,0.14025721,0.09133156,0.158558,0.07527734
p16x44bins.9,0,0,0.07369585,0.06762634,0,0,0,0,0,0,0.009445069,0,0.06646993,0.010888614,0.197493,0.37694383,0.032347277,0.06823294,0,0
jk18x25bins.29,0.058929164,0.016000442,0.054142885,0.22933221,0.05225674,0.11399448,0.033562895,0.012761257,0.074202746,0.06185694,0.04971702,0,0.1847731,0.258269,0,0,0,0,0.09108045,0.05173604
jk18x25bins.70,0,0,0.26812783,0.38807687,0.106256224,0.10337805,0,0,0,0,0,0,0,0,0.094136365,0.030962847,0.033907346,0.063778974,0.058725886,0.04006016
jk18x7bins.9,0,0,0,0,0,0,0,0,0.63358754,0,0.024738997,0,0,0,0.010731112,0.0068347044,0,0,0,0
jk18x9bins.27,0.034501422,0,0,0.021103853,0.07122964,0.05201472,0,0,0.8613487,0.035789162,0.68173546,0,0,0,0,0,0,0,0,0
jk18x40bins.16,0,0.11514428,0,0.017313367,0.0066736946,0,0.45355284,0,0,0,0,0,0,0,0,0,0,0,0.1910231,0.06509703
jk18x9bins.15,0.0076016025,0,0,0,0.008342399,0,0.073904835,0.06854556,1.117776,0.07775341,1.4424489,0,0,0,0,0,0,0,0,0
p16x43bins.45,0,0.6515677,0,0.012694774,0,0,0,0,0,0,0,0,0,0,1.9364667,0.6951236,0,0,0,0
jk18xAbins.50,0,0,0,0,0.02131556,0,0.016348867,0.026851427,0,0,0,0.79343003,0,0,0,0,0,0,0,0
jk18x9bins.61,0.055964567,0,0,0.09252091,0,0,0,0,1.9441108,0.21379708,1.1545337,0,0,0,0,0,0,0,0,0
jk18x34bins.47,0,0,0.017118525,0.0057740556,0.017404713,0.34143683,0.015260545,0,0,0,0,0,0.020103633,0,0.041344028,0.01879891,0.02956724,0.027974945,0.009769112,0
p16x34bins.28,0,0,0,0,0,0,0,0,0,0,0,0,0,2.948363,0,0,0,0,0,0
p16x60bins.67,0,0,0.066152856,0.05936538,0,0,0,0,0,0,0.0075681694,0,0.049002394,0.008348179,0.050856166,0.07560455,0.27135825,0.5552729,0,0
p16x34bins.43,0.03130186,0.0465313,0.035643563,0.028232655,0.028326571,0.037091494,0.10240954,0.018423649,0.050920554,0.05896616,0.08648796,0.03356778,0.14692776,0.6423539,0.13348375,0.050254837,0.13219254,0.17610823,0.070749894,0.044639207
jk18x25bins.82,0.005799893,0.11921239,0.14747833,0.35464272,0.049663693,0.04765349,0.072532505,0,0.02934483,0.008176883,0.029241435,0.05749697,0.036666933,0.050527703,0.11653627,0.03526642,0.025031041,0.037437055,0.1970414,0.09695727
jk18x1bzbins.27,0,0.25988913,0.13628224,0.041305453,0.009962227,0,0.023255521,0.0072086,0.024689548,0,0.019450732,0.19545498,0,0,0.114395835,0.040656626,0,0,0.11455642,0.19421807
jk18xAbins.31,0,0,0.026909571,0,0.07617805,0.13324775,0,0,0.031720307,0,0.035821468,0.3576984,0.0060696206,0,0,0,0.009823711,0.020566892,0.031992503,0.0234584
jk18x27bins.16,0.016568512,0.04403836,0.032196436,0.0976738,1.4679161,0.57224613,0.08086295,0.039391022,0.07299453,0.028458126,0.06156359,0.021577682,0.06723556,0.02611531,0.043190785,0.026084974,0.042037513,0.02561411,0.06367169,0.12620118
p16x63bins.20,0,0,0.12686235,0.15132178,0.026859585,0,0.07498827,0.014319564,0.0064559435,0,0,0,0,0,0.01703942,0.008005404,0,0,0.24924353,0.11733141
p16x63bins.3,0.0042874855,0.012591106,0.01977793,0.0129802795,0.026071344,0.04650717,0.012911367,0,0.0078064757,0.008355316,0.020864129,0.009264331,0.028155165,0,0.08991172,0.038736332,0.026612367,0.010691377,0.3131541,0.020613825
jk18x1bzbins.60,0,1.1032393,0,0.17479974,0.13636285,0.4632352,0.056724727,0.009291007,0,0,0,0,0.037883587,0,0,0,0,0,0,0
jk18x11bins.26,0.15332891,0,0.012579381,0.018841505,0,0.044753544,0.03344585,0,0.048116878,0.06770404,0.05949108,0,0,0,0,0,0.020495836,0,0.026877418,0.019611979
jk18x22bins.97,0,0,0.52975696,0.24672985,0.05155589,0.030643687,0.05274487,0.0077123414,0.020597743,0.01179905,0.026904918,0.018740514,0.014264381,0,0.08948908,0.025610473,0.010663416,0.017756678,0.045574903,0.01399406
p16x34bins.47,0,0,0.017266765,0.020034961,0,0.08329152,0.011829221,0,0.005919074,0,0,0,0.068742715,0.33252758,0.023127016,0.014195562,0,0.11508612,0,0
jk18x7bins.101,0,0,0,0,0,0,0.027108187,0,1.5091968,0,0,0,0,0,0,0,0,0,0,0
jk18x1bzbins.53,0,0.598149,0.018170869,0.026200416,0,0.013653712,0,0,0.03991735,0,0.11750392,0.028182825,0.019474372,0.014544615,0.022540621,0.008061788,0,0,0.013798288,0
jk18x25bins.17,0,0.056904685,0.28350982,0.3877383,0.0935388,0,0.18444929,0.028462209,0.010985156,0,0,0.050376218,0,0,0.02618062,0,0,0,0,0
jk18x7bins.23,0.14540176,0,0,0,0,0,0.019894253,0,3.923772,0.039981842,10.3137865,0,0,0,0,0,0,0,0,0
p16x65bins.51,0.007097021,0.0062257852,0.043563988,0.08543118,0.087360755,0.08254768,0.08773796,0.007941376,0.031130962,0.015721707,0.028386066,0.042552423,0.06640112,0.053156354,0.026776055,0.009718818,0.15906423,0.37049514,0.5559122,0.3444498
jk18x22bins.65,0.5267524,0.6654506,1.9594659,1.443801,0.16716461,0.2515189,0,0,0.39964557,0.45745543,0.2595726,0.13682553,0.10862347,0.07176951,0.46805257,0.6323199,1.7860649,1.956972,0.30504003,0.2353136
jk18x25bins.61,0,0,0.5264734,2.1089263,0.019480763,0.042366207,0,0,0.017280048,0,0.017250543,0,0.013826785,0.0099339895,0.04295122,0.051065065,0.064225346,0.12793416,0.00562153,0
jk18x9bins.35,1.9271636,0,0.10503879,0.15086003,0,0,0,0,0.2080094,0.731202,0.52821386,0.01708627,0,0,0.019643454,0.039258283,0,0,0.02570799,0
jk18x27bins.56,0.022103172,0.14204492,0.16479431,0.13682848,0.30344877,0.10469002,0.19931759,0.034929127,0.06050269,0.03207111,0.024707334,0.11418837,0.109745815,0.014779665,0.17395525,0.060387906,0.12237764,0.07274417,0.16271421,0.07749634
p16x44bins.48,0,0,0,0.07627228,0.13631989,0.036601864,0.065462574,0.021941517,0.036476944,0,0,0,0.2880834,0.9802895,1.3913692,0.45484245,0.16451655,0.07900237,0.2909752,0.22294292
jk18x1bzbins.73,0,1.5356812,0.028847462,0.09717354,0,0.04059001,0.021268118,0,0.0052624024,0,0.006605335,0.017902786,0,0,0,0,0.01937023,0,0.02412004,0.018578352
jk18x34bins.59,0.052405834,0.018004479,0.26992506,0.37658122,0.16425303,0.5983387,0,0,0.0953037,0.059336606,0.13930522,0.02787936,0.019628633,0.030396061,0.20353438,0.06620649,0.037756518,0.1177315,0.1271851,0.121616125
jk18x7bins.79,0.087518245,0,0.0060796137,0,0,0,0,0,0.36148238,0.01794903,0.23664477,0,0,0,0,0,0,0,0,0
jk18x7bins.36,0,0,0,0,0,0,0,0,2.2245033,0,0,0,0,0,0,0,0,0,0,0
jk18x7bins.59,0.055018574,0.06703021,0.065855056,0.053624053,0.0382626,0.059695855,0.07591099,0.011993651,0.26256168,0.07502043,0.1444053,0.05586716,0.0499399,0,0.09803867,0.04317798,0.04527667,0.048757438,0.06996219,0.042728364
jk18x34bins.26,0.040167976,0.017972715,0.03050499,0.054014277,0.057977438,1.2083268,0.06278711,0.0121126035,0.04369333,0.029947437,0.034240127,0.025041975,0.018075557,0.06756885,0.021636322,0,0,0.019497812,0.01802701,0
jk18x11bins.22,0.19311902,0,0,0,0.022114545,0.021282757,0,0,0.03998603,0.063972585,0.098673925,0,0,0,0,0.0064684004,0,0,0.019546716,0.033650205
p16x33bins.72,0.0051022563,0.0395388,0.08782826,0.044165816,0.08421258,0.054529864,0.051473774,0.007052809,0.03046374,0.012116282,0.04173714,0.04543118,0.31849086,0.25784197,0.07132883,0.030992284,0.06897411,0.10547601,0.10281222,0.10337284
p16x65bins.53,0,0.03314992,0.050565545,0.027872248,0,0,0,0,0,0,0,0,0.041729975,0.0118706655,0.017282708,0,0.046573862,0,0.5139686,0.43147993
jk18x9bins.40,0.0063122525,0,0.036438975,0,0,0,0.029303143,0,0.16474384,0.11617069,0.48938316,0.028223475,0,0,0,0,0,0,0.03170013,0.018105034
jk18x11bins.4,0.18558408,0,0,0,0,0,0.0902598,0.013362189,0.12688433,0.11998889,0.1649476,0,0.052241243,0,0,0,0,0,0,0
jk18x25bins.66,0,0.032446496,0.027916193,0.29186854,0.06913394,0.025479587,0.23287211,0.03392711,0.012678542,0,0,0.030926997,0.035304178,0.02272033,0.11767662,0.039479833,0.055330846,0.03325822,0.08962104,0.039048728
jk18x27bins.63,0.0060273237,0.027354786,0.07738978,0.06700883,0.3114837,0.11648594,0.05050096,0.0076111173,0.0072651003,0.009758946,0.010196948,0.007817101,0.1727909,0.04017215,0.11264969,0.040478498,0.04150868,0.050374836,0.109749466,0.018917462
p16x34bins.64,0,0,0.007856463,0.008901067,0.017796665,0,0,0,0,0,0,0,0.54119754,0.64082766,0.012275424,0,0,0,0,0
p16x34bins.9,0,0,0.06463727,0,0.10215992,0.19591227,0.15249287,0,0.05587098,0,0,0,1.5356225,2.4351091,0.18962845,0.084404916,0.23405933,0.17399698,0.18225133,0.19244336
p16x65bins.41,0,0,0.056618333,0.07940234,0.10756869,0.109599724,0,0,0,0,0,0,0,0,0.0943628,0.031441648,0.025580501,0.049175125,0.25880048,0.17661461
p16x34bins.37,0.019710291,0,0,0.017164724,0.108490385,0.29387158,0,0,0.014497623,0.017553024,0,0,0.048116952,0.49496442,0,0,0.21446823,0.5120577,0,0
p16x44bins.54,0,0,0,0,0,0,0,0,0,0,0,0,0,0,1.4704888,0.26164475,0,0,0,0
jk18x7bins.24,0.08260191,0,0.090549715,0.053125627,0.016038114,0.6807368,0.28319004,0.28679454,2.2539227,0.07859851,0.70759106,0,0.01476797,0.076524496,0.060064364,0.018177368,0,0.0067446055,0.015508015,0.014034219
jk18xAbins.6,0,0.04259213,0.020079512,0.05459809,0.03654901,0.10353825,0.028940907,0,0.0095802285,0,0.010991201,0.5035019,0,0.014116569,0,0,0.01798697,0,0.024546063,0.01904768
p16x43bins.48,0,0,0.015464653,0,0.063041784,0.051532842,0,0,0.010186133,0,0,0.012936263,0.022024201,0.010894893,0.45841375,0.16317208,0.022179728,0.036214754,0,0
jk18x22bins.39,0.014005524,0,1.9408411,0.03946882,0.044002883,1.4941155,0.20792645,0.20918825,0.083856925,0.014406491,0.05510175,0,0.051552836,0.11270374,0.26994184,0.096501775,0,0.019552942,0.05158204,0.050903007
jk18x7bins.45,0.011535292,0.032868564,0.024191583,0.07722434,0.013011135,0.027171941,0.051509503,0.008158108,0.17663339,0.018473594,0.31489024,0.009814882,0.016786166,0,0.06420532,0.020512015,0.04631196,0.058479752,0.022013944,0.013398281
p16x43bins.4,0,0,0.14148621,0.110289454,0,0,0,0,0.11285112,0,0.02332962,0.057850234,0,0,0.5996463,0.5411047,0,0,0.06382287,0.017785463
jk18x34bins.29,0,0,0.015781285,0.02074111,0,0.5758304,0.012702057,0,0.0065802755,0,0.010508682,0,0.02816365,0.045506317,0.029904332,0.020375451,0,0.11199138,0,0
jk18xAbins.24,0,0,0,0,0.016746558,0,0.015304093,0.025892112,0,0,0,2.0609257,0,0,0,0,0,0,0,0
jk18x7bins.52,0.031833623,0.060172666,0.0167809,0.044078104,0,0,0,0,0.22106673,0.04805602,0.18414137,0.023721095,0,0,0,0,0,0,0,0
p16x60bins.37,0.0120517695,0,0.03155441,0.05625412,0.17597286,0.037674826,0.034034595,0.017363269,0.018842561,0.017845195,0.013953675,0,0.13182285,0.078924336,0.033641916,0.008992718,0.119521946,0.5707136,0.075709574,0.008208654
jk18x22bins.20,0,0,0.54017556,0.4812966,0.01665639,0.027771942,0.024178883,0,0.011694722,0,0,0,0.014025962,0,0.061748996,0.025291732,0.031207021,0.1195643,0.015511503,0
p16x43bins.13,0,0,0.06502411,0.070393115,0.0143308835,0,0.037657358,0.007933625,0.00633382,0,0.009990879,0,0,0,0.2247205,0.08482455,0,0.016312752,0.008112215,0
jk18x27bins.67,0,0,0.12973855,0.043782726,0.5974117,0.47116414,0.018567065,0,0.0061906334,0,0.007318554,0.028494522,0.040134333,0.06785298,0.058143344,0.014890017,0.1205109,0.054341488,0.13926478,0.09807468
jk18x25bins.18,0,0,0,1.7144932,0.24521166,0,0.1766438,0.018031301,0.080272235,0,0,0,0,0,0,0,0,0,0,0
p16x44bins.42,0,0.053376246,0.012201712,0.08983209,0,0,0,0,0,0,0,0,0.019673273,0,0.9698066,0.27662155,0,0,0.07703871,0.03245776
jk18x22bins.106,0,0,0.453506,0,0.10004239,0.009187683,0.14638953,0.118664145,0.058689144,0.009610743,0,0,0,0,0.01980779,0.0064276173,0,0,0,0
jk18x34bins.53,0,0,0.05654857,0.07935107,0.11767176,0.55901617,0,0,0,0,0,0,0,0,0.100371726,0.03353171,0.024778347,0.04809969,0.060269386,0.04136872
jk18x27bins.53,0.034601048,0,0.07443285,0,0.9701524,0.29944566,0,0,0.29808003,0.053993974,0.14377867,0,0,0,0,0,0,0,0.01574836,0
jk18x34bins.19,0,0,0.022462104,0,0.025336012,0.4432031,0.022075262,0,0.022612367,0,0.027956529,0,0.024389694,0.03718408,0.017553218,0,0.024846446,0.027916377,0.028878983,0.03177465
jk18x27bins.11,0.025873045,0,0.04908576,0.031436022,0.43287992,0.65506464,0.014801591,0,0.03284889,0.037204314,0.13893728,0.009125017,0.02818815,0.034232233,0.044672687,0.0189559,0.016379476,0.050631765,0.057192642,0.028606027
jk18x22bins.14,0.0048795138,0,2.3775094,0,0.046208426,0.5826475,0.034589555,0.011142982,0.18291444,0,0.06906331,0,0.19318473,0.17303596,0,0,0.20583904,0.040478975,0.42226058,0.15506819
p16x60bins.49,0.007892011,0,0,0.013801913,0.04875698,0,0.034025364,0.020789161,0.048268467,0.014087622,0.07450957,0,0,0,0.030075304,0.019199355,0.3688649,0.47506657,0,0
p16x63bins.70,0,0.021042004,0.043845765,0.049358808,0.01722424,0.022941576,0.014304334,0,0.021074463,0,0.051305257,0.010840336,0.09574735,0.07260901,0.072889276,0.025866022,0.038575757,0.054842327,0.26874176,0.186392
jk18x27bins.66,0,0.038346272,0.06853542,0.040558517,0.5314464,0,0.0076468266,0,0.026529364,0,0.026503254,0.018625129,0.027806891,0.030248037,0.020880325,0.032934297,0.048904072,0.10910041,0.038445663,0
jk18x34bins.43,0.022510238,0.04438255,0.06589964,0.13732366,0.16412018,0.4761978,0.08266358,0.022279307,0.05556504,0.027873581,0.09861584,0.031518474,0.040446557,0.08341067,0,0,0.035191014,0.050629973,0,0
jk18x1bzbins.24,0,0.50229824,0,0,0,0,0,0,0,0,0,0,0,0,0,0,0,0,0,0
jk18x7bins.31,0.107674606,0,0,0.01841588,0.0068838256,0.0052988897,0,0,0.18552175,0.13326086,0.05208661,0.017967679,0,0,0.009563544,0,0.0075281356,0.009957533,0,0
p16x33bins.3,0.016343493,0,0.3197893,0.044299547,0.032425057,1.1420678,0.23863196,0.24514537,0.103926785,0.01682684,0.06837307,0,0.5333363,0.21980128,0.21836849,0.07887009,0,0.0183873,0.0441183,0.04339122
jk18x22bins.103,0.018754702,0.036871713,0.1727982,0.09018381,0.3316905,0.28611928,0.07827536,0.038027633,0.09406021,0.033148013,0.08777567,0.020048607,0.061191116,0.024501631,0.045749243,0.026556462,0.034692634,0.026116576,0.0547079,0.10786463
jk18x25bins.25,0.008906453,0,0,1.0497062,0,0,0,0,0.15720083,0.010842783,0.159517,0,0,0,0,0,0.11120489,0,0,0
p16x57bins.35,0.010180733,0,0.012016035,0.02210422,0.09275141,0.06895117,0.097742975,0.024083814,0.07727678,0.030812198,0.11787577,0.021196308,0.11211527,0.15286465,0,0,0.42421165,0.22669293,0.06338022,0.0155448485
p16x65bins.37,0,0,0.010719337,0,0,0.020168273,0.024972137,0,0.01134014,0,0,0,0.015915802,0,0.06641462,0.027882116,0.012370086,0.09762891,0.7176789,0.3827026
jk18x1bzbins.72,0,1.6150799,0,0,0,0,0,0,0,0,0,0,0,0,0,0,0,0,0,0
jk18x8bins.28,0.30988792,0,0,0,0,0.095572926,0,0,2.64524,1.2179974,1.5853386,0,0.03740714,0,0,0,0.03156486,0,0.07734739,0.030660788
p16x43bins.60,0.006158574,0.04285164,0.06673496,0.10114076,0,0,0,0,0.009634229,0,0,0.008480079,0.043968897,0.055437624,0.4558669,0.07724761,0.04451818,0.06029602,0,0
jk18x11bins.51,0.3892133,0,0,0,0,0,0.018578744,0,0.68070686,0.06275632,7.2967515,0,0,0,0,0,0,0,0,0
p16x63bins.69,0,0,0,0.032354426,0.01930604,0,0.020468282,0,0,0,0,0.017818317,0,0,0.012862171,0.0063052583,0,0,0.50442046,0.26463205
jk18xAbins.18,0,0.020433318,0,0,0.0143238325,0.028144285,0.024389712,0,0.010124367,0,0,0.18534663,0.012144914,0,0.033754304,0.013881726,0,0.062223494,0.013822092,0
jk18x9bins.60,0.06959921,0,0,0,0,0.027246162,0.025176276,0,0.34091514,0.06934562,0.4435894,0,0,0,0,0,0,0,0,0
p16x65bins.1,0,0,0,0.03769526,0.028968751,0.06670079,0.014285589,0,0,0,0,0,0.10331032,0.062984325,0.051787045,0.014177159,0.2555405,0.5608747,0.27419704,0.31989464
jk18x1bzbins.78,0,0.3866231,0.047055602,0.0048942245,0.018535068,0,0.028689682,0.010034316,0,0,0,0,0,0.049938913,0.025736291,0.011562867,0,0.013271405,0.036186278,0.026563711
jk18x22bins.31,0.0383867,0.067874506,0.6236176,1.1918803,0.15050273,0.15605643,0.02677778,0,0.18452653,0.031837944,0.068839066,0.021194916,0.017485682,0.01942362,0.02071352,0,0,0.025089724,0.013162821,0
jk18x27bins.46,0.016663177,0,0.27846125,0.047505416,0.7944771,3.2308204,0.26154384,0.26764798,0.11552709,0.016758455,0.07390942,0,0.027346652,0.10274537,0.12560003,0.041231137,0,0.010359878,0.029353078,0.028315444
p16x63bins.25,0,0,0.018481344,0,0,0,0.014211494,0,0,0,0,0,0.061046336,0.3022011,0.051806603,0.02336031,0,0.0061182533,0.23427255,0.060421977
p16x33bins.50,0,0,0,0.023730926,0,0,0,0,0.012838418,0,0,0.053062547,0.60197455,0,0.032469943,0.011222737,0,0,0.10116049,0.16562971
jk18x27bins.25,0.012674216,0.05519492,0.04578966,0.05107494,0.5015275,0.0947843,0.015894076,0,0.02893905,0.022067368,0.030910093,0.015971217,0.022988854,0,0.12352999,0.046789013,0.01982278,0.036508735,0.07034917,0.09686048
jk18x34bins.24,0.047458187,0,0.009302229,0.028276693,0.41311288,0.64081496,0.11159084,0.018904371,0.2415583,0.095206305,0.48087528,0.023253445,0.15286084,0.010530053,0,0,0,0,0.06461068,0.013915378
jk18xAbins.26,0.011859674,0.15412939,0,0.21987118,0.13836804,0.062830664,0,0,0.025324328,0,0,1.4899889,0,0,0.022701282,0.033212822,0,0,0.09119105,0.073970824
p16x60bins.9,0.018468106,0.008529015,0.09057739,0.015113468,0.10224653,0.020189391,0.026609836,0,0.0291111,0.02033951,0.06779056,0,0.24579209,0.19564249,0,0,0.107575715,0.25680876,0,0
p16x34bins.23,0,0.026377728,0.019405829,0,0,0.1146192,0.025383098,0,0.0066388007,0,0,0.02918992,0.1520199,0.4195184,0.023869196,0.0074376976,0.013436077,0.0106625585,0.017435024,0.008159089
p16x44bins.24,0,0.089889914,0.020045722,0,0,0,0,0,0,0,0,0,0.114459276,0,1.7902466,0.46167699,0.028220538,0.018376347,0,0
p16x57bins.10,0,0,0.26780525,0,0.039191633,0.6789483,0.039560303,0.012745273,0.17611872,0,0.051087536,0,0.23568963,0.19707973,0,0,1.3980538,0.29179,0.49346292,0.17986508
jk18x8bins.2,5.264469,0.121076964,0.13811749,0.23528247,0.43759385,0.68280876,0,0,0.2410721,3.3326247,0.25649413,0.26199576,0,0,0.2175872,0.18018675,0.33268663,0.37954187,0.68383825,0.52378064
p16x57bins.13,0,0,0,0.034642346,0.029456057,0.06481591,0.013876134,0,0,0,0,0,0.10186034,0.05908047,0.050105594,0.012808165,0.24450414,0.52261007,0.260425,0.30525124
jk18x9bins.14,0.028812217,0.06215183,0.0988942,0.077650666,0.121630944,0.052189972,0.07562506,0.024693593,0.15931869,0.065209314,0.21367976,0.016377533,0.14817384,0.105889365,0.035325985,0.020254755,0.023275625,0.029434027,0.09515912,0.048257437
jk18x11bins.6,0.22115123,0,0,0,0,0,0.025927981,0,0.16848484,0.2314664,0.21189052,0,0,0,0,0,0,0,0,0
jk18x25bins.9,0,0,0.017406467,0.6098172,0.008067698,0,0,0,0.01408042,0,0,0.016118102,0.03533225,0.017179996,0,0,0,0,0,0
p16x60bins.22,0.029086953,0.11186078,0.081650816,0.016109467,0,0.03046077,0.012005603,0,0.010620625,0.036964945,0.009557956,0.018679181,0,0,0.09003194,0.057541415,0.17873757,0.65564567,0.007122357,0
jk18x44bins.5,0,0,0,0,0,0,0.2827791,0.38180223,0,0,0,0,0,0,0,0,0,0,0,0
jk18x25bins.43,0.01592215,0.07950826,0.12950048,0.46348527,0.06686518,0.07143472,0.16711345,0.020278808,0.043829493,0.025627181,0.042151153,0.13163541,0.06584863,0.045695007,0.15898778,0.07457754,0.07070744,0.08743571,0.1575155,0.08480755
p16x34bins.66,0.021346528,0.24980049,0.098912425,0.090195574,0.20996517,0.10214708,0.10760223,0.011785354,0.058479525,0.022147886,0.098347634,0.16462305,0.044790417,0.54755133,0.21090896,0.06074306,0.21833685,0.10092247,0.1242718,0.058655053
jk18x1bzbins.75,0.013374059,0.7184187,0.027923746,0.037155405,0.022899946,0.027964296,0.047016475,0.0118431,0.026692104,0.023093268,0.048563126,0.10615504,0.03598141,0.027535042,0.047064584,0.017076042,0.023358097,0.035881303,0.07512343,0.042132244
jk18x1bzbins.39,0,0.28773353,0.05063469,0.035881005,0.01652763,0,0.03553914,0.008011657,0,0,0,0.11365653,0,0,0.0711061,0.026707988,0.014431597,0.031104024,0.0331271,0.01720887
p16x33bins.15,0,0,0,0.07940219,0.12729336,0.030768597,0.06635509,0.02182555,0.040080898,0,0,0,2.2682445,0.8736183,0.19926216,0.061195385,0.26890707,0.1293425,0.24425963,0.19450144
jk18x1bzbins.66,0.016679114,0.2855314,0.011899302,0,0.037547003,0,0,0,0.00785868,0.00955599,0.017380165,0.036703996,0,0,0.015801204,0.006133145,0.016215643,0.026483057,0.05263019,0.0094997315
jk18x27bins.12,0,0.02105254,0.012513482,0.05442281,0.3638732,0,0.24691041,0.034852333,0.0055609704,0,0,0.022321127,0.024048079,0,0.10852891,0.035063617,0.053304207,0.031238029,0.08507965,0.038287092
jk18x9bins.65,0,0,0.098182045,0,0,0.011301179,0,0,0.009861258,0,0.25552586,0,0,0,0,0,0,0,0,0
jk18x25bins.57,0.006744535,0.052856,0.039315384,0.28618947,0.046138745,0.030192966,0.028232034,0,0.014432288,0.014439232,0.019038534,0.02186028,0.019496871,0,0.10280916,0.040230792,0.021238536,0.03590499,0.0724881,0.09265254
p16x33bins.34,0,0,0,0,0,0,0.053075537,0.011665729,0.019169983,0,0,0,0.45879006,0.011045499,0.021105118,0.008481694,0,0.029289195,0,0
p16x63bins.74,0,0,0.18479277,0,0.03331263,1.4233468,0,0,0.06003686,0,0.016018314,0,0,0,0,0,0,0,0.6309792,0
jk18x44bins.10,0,0,0,0,0,0,4.0827255,3.77305,0.015177927,0,0,0,0,0,0,0,0,0,0,0
jk18x22bins.55,0.01747812,0,2.3180265,0.42439345,0.2832043,0.08683597,0,0,0.037365574,0.014249844,0,0,0,0,0.05229667,0.045302287,0,0,0.03020382,0
p16x65bins.14,0.049288653,0.024225708,0.21436812,0.26482385,0.26105765,0.34185907,0.07642725,0.014426496,0.14624898,0.06432145,0.23712686,0.08957941,0.06812877,0.12344045,0.2434571,0.07083818,0.14219095,0.3937981,0.3847194,0.68057936
p16x57bins.56,0,0,0.016768377,0,0.012111189,0.03333466,0.014474458,0,0,0,0,0,0.018410955,0,0.046190944,0.020390753,0.28800702,0.26598793,0,0
p16x34bins.22,0.0055918396,0,0,0,0,0.027482167,0.012736751,0,0.037241917,0,0.011871058,0,0.11609027,0.3236637,0.0109599605,0,0,0,0,0
jk18x9bins.46,0.031356394,0.05608354,0.031526953,0,0,0,0.021265868,0,0.2592183,0.06305021,0.25220358,0.05816029,0.01654381,0,0.023535535,0,0,0,0.01910843,0
p16x63bins.62,0,0,0,0,0,0,0.010895369,0,0,0.013195364,0,0,0.04517122,0,0,0,0,0,0.38307592,0.13682756
jk18x25bins.33,0,0,0.97708845,0.8846507,0,0,0,0,0.0039397296,0,0.008796943,0,0.034319077,0,0.031214034,0.04479921,0.016196826,0.03416312,0,0
jk18x22bins.47,0,0.44942895,0.16168006,0,0,0,0,0,0,0,0,0,0,0,0.049561854,0,0,0,0,0
p16x33bins.39,0,0,0.25273594,0,0.04011795,0.5765525,0.03385719,0.011281452,0.19287176,0,0.10011524,0,0.6993273,0.3702918,0,0,0.22169852,0.04213281,0.7029295,0.28915644
p16x63bins.58,0,0.2298111,0.28221765,0.043550782,0,0.018140623,0,0,0.0054446235,0,0,0.018966943,0,0,0.16795294,0.06738649,0.111770734,0.107322335,0.712618,0.4001234
jk18x1bzbins.79,0,0.251321,0.030337594,0.0195494,0.038279697,0.04511067,0.021794453,0,0.018474625,0,0.008101339,0.08515978,0.0691908,0.017435221,0.09146898,0.031069009,0.07511764,0.044243928,0.07194608,0.0066884
jk18x34bins.51,0,0,0.035724573,0.03045329,0,0.7917903,0.028341757,0,0.014346262,0,0,0.025194466,0.039353848,0.05410027,0.025718648,0,0,0,0.030973446,0.01685738
p16x65bins.2,0,0,0,0,0.014408807,0,0.015821813,0.022294,0,0,0,0,0,0,0,0,0,0,0.24623474,0.31951404
p16x65bins.30,0.0051125246,0.04013728,0.08879188,0.04336128,0.085561216,0.055148035,0.052446537,0.006781862,0.029570736,0.012172494,0.040226668,0.046256628,0.10714851,0.19708778,0.06870777,0.029220127,0.069162086,0.103716254,0.23984957,0.27960938
p16x43bins.62,0,0,0,0.021196373,0,0,0,0,0.011736252,0,0,0.054553542,0.011734936,0,0.33491144,0.10835189,0,0,0.015748654,0.025067467
p16x34bins.51,0.004701417,0.033305563,0.010649791,0.08856065,0.067920536,0,0,0,0.007328772,0,0.006562426,0.006324231,0.25786465,0.4686214,0.010080223,0,0,0,0,0
p16x60bins.38,0.73646086,0.937377,0.46602067,0.63431984,0.51780576,0.5293299,0,0,0.56792986,0.6107253,0.28628355,0.26048225,0.59159946,0.45832583,0.9179087,1.174312,19.878687,21.435007,0.55988604,0.62113905
p16x34bins.31,0.0133974925,0.017097143,0.040475026,0.06406203,0.16974922,0.035678875,0.033869885,0.01577047,0.020038147,0.019048585,0.01599226,0.011457514,0.14104185,0.6964823,0.035170715,0.009748483,0.1130685,0.098166145,0.078163505,0.012584424
jk18x34bins.3,0,0.028577462,0.020451205,0,0,0.5051764,0.029924639,0,0.009053624,0,0,0.03286327,0.15168615,0.11935085,0.024017321,0.0072310977,0.012206333,0.009109105,0.017707877,0.009016829
jk18x7bins.48,0.50350773,1.0652564,0.3388925,0.34647056,0.32003132,0.46601593,0,0,2.2388282,0.38511816,0.51069176,0.14128958,0.22890116,0.15448104,0.41011122,0.62766796,2.4170034,2.647686,0.5692506,0.4625143
jk18x11bins.2,0.16053805,0,0.031882238,0,0.026066229,0.04343582,0,0,0.047157146,0.09747192,0.045968685,0,0.0067335474,0,0.00949279,0.010394419,0.013165787,0.02739997,0.010011019,0.0074851885
p16x43bins.5,0.009489613,0.022065876,0.21209915,0.07794408,0.10785233,0.10781924,0.036037397,0,0.029956158,0.019403594,0.03517133,0.15238634,0.02198191,0.023539592,0.6172315,0.108101316,0.04547025,0.08272444,0.16462003,0.05991147
jk18x1bzbins.88,0.010044953,0.32955107,0.038640022,0.08099649,0.044976145,0.02296316,0.06805352,0.011591603,0.07982111,0.026371025,0.11848356,0.030040465,0.032775186,0,0,0,0,0,0.046975914,0.009958748
jk18x22bins.3,0,0,2.0429995,0,0.023958918,0.35203508,0,0,0.058964565,0,0.017744748,0,0,0,0,0,0,0,0.032204214,0
jk18x7bins.8,0,0,0,0,0,0,0.13605537,0.19426873,0.2854442,0,0,0,0,0,0,0,0,0,0,0
jk18x22bins.7,0.009770182,0.13246949,0.36639082,0.2087837,0.044829067,0.054349344,0.029739784,0,0.025681185,0.014717728,0.025718763,0.09418836,0.05050433,0.09564496,0.08476519,0.020755546,0.03440428,0.06805545,0.06332458,0.024057917
jk18x25bins.58,0,0.76889944,0,0.36285245,0,0,0,0,0,0,0,0.011508661,0,0,0.10390565,0.031766813,0,0,0,0
jk18x9bins.76,0.021393655,0.1258799,0.09010662,0.06187641,0.057229564,0.08713965,0.09616166,0.017947715,0.118787676,0.035801027,0.24139686,0.09545019,0.08113433,0.023860523,0.101191625,0.039941754,0.050333973,0.03693295,0.13123691,0.067207664
jk18xAbins.2,0.020379836,0.14511015,0.0095874835,0.018338192,0,0,0,0,0.03126561,0.031343054,0.030778045,0.18104108,0,0,0,0,0,0,0,0
jk18x22bins.90,0,0.97510237,1.815353,0.1091441,0.08805952,0,0.35166702,0.19607541,0,0,0,0,0.019227086,0,0.03886605,0.00873865,0,0.028825719,0.026936727,0.01618969
jk18x7bins.57,0.043580033,0,0,0,0,0,0,0,0.17578377,0.046231218,0.19841722,0,0,0,0,0,0,0,0,0
jk18x9bins.9,0.07718517,0,0,0,0,0.075010024,0,0,2.3880112,0.23697287,8.019337,0,0,0,0,0,0,0,0.05165094,0
jk18x22bins.10,0,0,0.40768135,0,0.014429811,0,0.028374953,0.024064356,0,0,0,0,0,0,0,0,0,0,0,0
p16x33bins.5,0,0.022377234,0.025617309,0.053019505,0,0,0,0,0.0104516735,0,0,0,1.1096933,1.373739,0.03314088,0.0072985752,0.017365629,0.023871304,0,0
jk18x34bins.13,0,0,0.008428439,0,0.08614422,1.0323882,0,0,0.008393311,0,0,0.0110553475,0.020719055,0.010246625,0.03793099,0.011518697,0.017303508,0.0292802,0,0
p16x57bins.12,0,0,0.034232285,0.030089512,0,0.024487805,0.02260793,0,0.011909277,0,0,0,0.018850904,0,0.1184538,0.048188135,0.44236663,0.4242155,0.02543194,0.013762459
jk18xAbins.63,0,0,0.04233656,0.015156252,0,0,0,0,0,0,0,0.69789636,0,0,0,0,0,0,0,0
p16x57bins.27,0,0.034556355,0.051427238,0.03244476,0,0,0,0,0,0,0,0,0.04098926,0.0081919795,0.014920968,0,0.49380296,0,0.10102008,0.069579735
jk18xAbins.10,0,0,0,0,0,0.0130349165,0,0,0,0,0,0.3504431,0,0,0,0,0,0.01062743,0,0
jk18x11bins.12,0.18042439,0,0,0,0,0.012598324,0,0,0,0.018512959,0,0,0.038992338,0,0,0,0,0,0,0
p16x33bins.48,0,0,0,0,0.009799703,0.008201994,0,0,0.003713999,0,0,0,0.28366596,0,0.03275224,0.0069774655,0.015640661,0.020652313,0.14139247,0.108266935
p16x63bins.68,0.009197329,0,0.2354156,0.17218675,0.2424325,0.073699385,0.051296994,0.032791212,0.040079936,0.024295622,0.017513847,0.010905672,0.09221108,0.14592783,0.06591598,0.05461576,0.7298954,0.7532768,0.28439373,0.035396893
jk18x22bins.71,0.00517804,0.049748063,0.37663883,0.1166505,0,0,0,0,0.009252582,0,0,0.009675682,0.053869665,0.06544603,0.09096156,0.015713679,0.038588636,0.05218906,0,0
jk18x1bzbins.86,0,0.32604247,0.021904878,0,0,0.0122175785,0.011390139,0,0.007838238,0,0.010563462,0.14980079,0.019541955,0,0.015229619,0,0,0,0.013751895,0
jk18x22bins.50,0,0.02219693,1.3103511,0.061092924,0.05271585,0.23911469,0.01673989,0,0.004932419,0,0.006197428,0,0.039419923,0.06923858,0.05641224,0.014808314,0.10525465,0.047529478,0.12252683,0.08669618
p16x63bins.21,0,0,0,0.013159443,0,0,0.08824776,0.015675493,0,0,0,0.0106019,0,0,0.06269296,0.013774608,0,0,0.30783862,0.26456288
jk18x27bins.47,0,0,0.09526229,0.7122618,1.1192584,1.3185582,0.40421408,0.04261179,0.014836639,0,0,0.039201267,0.47246596,0.67091525,0.44371808,0.11654711,0.07452329,0.23252097,0.3635742,0.29077947
jk18x22bins.63,0,0,0.40179834,0,0,0,0.0324242,0,0.015625989,0,0,0.027456956,0,0,0.02449977,0,0,0,0.031176807,0.018229224
p16x60bins.61,0,0,0.014218915,0,0.06144103,0.05196939,0,0,0.014810989,0,0,0.013721776,0.026834227,0.014184852,0.04858445,0.015630651,0.255831,0.41643673,0,0
jk18x7bins.3,0.021943823,0.13101752,0.10627704,0.05816088,0.17927988,0.14971346,0.18201488,0.04595166,0.22130027,0.037482675,0.12583137,0.03433236,0.34914726,0.08021178,0.14692639,0.05565264,0.074344315,0.07279477,0.08256479,0.05738447
jk18x22bins.30,0.016470423,0,0.28085914,0,0,0,0.07862198,0.008210517,0.040773407,0.030959181,0.17457178,0,0,0,0,0,0,0,0,0
jk18x7bins.44,0,0.013238989,0.008913722,0,0,0,0,0,0.10440829,0.060643863,0.04411927,0.010404241,0.044334896,0,0.009637022,0,0,0,0,0
jk18x34bins.22,0.14339697,0,0.17569597,0.5575692,1.147755,1.1111149,0.011723643,0,0.31972453,0.21661574,0.4290709,0,0.019516945,0.025432276,0.044825055,0.03784158,0.08187162,0.23200983,0.067089826,0.03634376
p16x43bins.1,0,0,0,0.033843454,0.026538812,0.010625192,0,0,0,0,0,0.011382326,0,0,0.44061738,0.16819137,0.041480206,0.053914864,0,0
jk18x40bins.50,0,0.016421685,0.015241308,0,0,0,0.3268683,0.016864324,0.010156075,0,0,0,0,0,0,0,0,0,0,0
p16x43bins.9,0,0,0.037770603,0,0,0,0.01444367,0,0,0,0,0,0.015164127,0.17875165,0.5967906,0.20012349,0.022588955,0.058291025,0,0
jk18x25bins.28,0,0,0,0.23816474,0,0,0.062208183,0.0112936115,0,0,0,0.009676595,0,0,0.0434518,0.009972237,0,0,0.008617782,0
jk18xAbins.49,0.10423257,0.047362547,0.19562058,0.18250038,0.20954268,0.35434356,0.09113639,0.014070293,0.17459,0.090403795,0.21599717,0.24154371,0.061416626,0.052859794,0.074259415,0.023937857,0.04441889,0.08454319,0.06558473,0.053002577
jk18xAbins.19,0,0,0,0,0,0,0,0,0.009977294,0,0,1.0227492,0,0,0,0,0,0,0,0
jk18x22bins.6,0,0.06125593,0.2593542,0,0,0,0.017355908,0,0.011221048,0,0,0.06507379,0.019610375,0,0.022001244,0,0.010769844,0,0.017074132,0.008284195
p16x34bins.44,0,0,0,0,0,0.03824467,0,0,0.015988648,0,0.021678548,0,0.05146149,0.2896896,0.013450693,0,0.06255748,0.08869056,0.06524207,0.09009299
p16x33bins.28,0.00735224,0.012650072,0.027417753,0,0.021153836,0.016863458,0.098320454,0.017576484,0.020230709,0.015304251,0.027947236,0.014252428,0.28160098,0.14792474,0.13196622,0.032949347,0.095033236,0.2429203,0.06382359,0.10114323
p16x34bins.5,0,0,0,0,0,0,0,0,0,0,0,0,4.5725555,9.726849,0,0,0.63028413,0.4473066,0,0
p16x63bins.9,0,0.081129596,0.049299773,0,0.010508024,0.15862627,0.03064464,0,0.0074291844,0,0.013003525,0.008488289,0.26037046,0.077081464,0.20127961,0.07552811,0,0,0.31476167,0.16872735
jk18x7bins.100,0,0.05206546,0,0.010258555,0,0.023193382,0,0,0.4325017,0,0,0,0,0,0,0,0,0,0.04527844,0.017600106
p16x43bins.57,0.016535494,0,0.4120245,0.03915724,0.03564646,1.3181669,0.20670694,0.20957452,0.1028212,0.016772104,0.068086416,0,0.05161768,0.1257379,2.2700427,0.92604476,0,0.025719548,0.0735811,0.07089901
jk18x27bins.35,0,0,0.03852406,0.49334005,0.60318565,0,0.027838264,0,0.012534075,0,0,0.019511305,0.18767728,0.25512245,0.12532015,0.04010426,0.030232923,0.042661663,0.025584394,0.014848806
p16x65bins.28,0,0.97814,0.033583164,0.068641454,0.03381214,0,0.31667647,0.17737937,0,0,0,0,0.048922494,0,0.08364746,0.02010947,0,0.03622058,2.7261624,1.5354134
jk18x11bins.24,0.19366598,0,0.06361127,0.05155611,0.05258929,0.062446356,0.026238415,0,0.1049484,0.24480739,0.25584581,0.012760408,0.03752473,0.03899981,0.06033463,0.02191128,0.024969097,0.058637418,0.035427168,0.019516265
jk18x27bins.38,0,0.059964325,0.27075654,0.09270483,0.26285204,0.03780699,0.1892461,0.02952126,0.0121116685,0,0,0.055691194,0,0,0.02939769,0,0,0,0,0
jk18x7bins.32,0.050385855,0.044853073,0.04090556,0.046416182,0.03717789,0,0.008192657,0,0.31131008,0.05989651,0.21231373,0,0.029807208,0.043984134,0.027554251,0.03065138,0,0.11214286,0.013564606,0
jk18x40bins.8,0,0.025977664,0.013928884,0.012461062,0,0,0.322174,0.028815268,0.007977735,0,0,0,0,0,0.01637208,0,0.012608769,0.01837496,0.01061769,0
p16x63bins.49,0.024565976,0.10914506,0.12228239,0.014176235,0.056847088,0,0.022987217,0,0.060797293,0.029571733,0.10672161,0.05583732,0.25828087,0.6264943,0.0969353,0.0323989,0,0.014459027,0.6843207,0.37301907
jk18x27bins.21,0,0.02859216,0.023427865,0.047858696,1.3930748,0.19263318,0,0,0,0,0,0,0.21696666,0,0.065150626,0.083466776,0,0,0.03875203,0.037941415
jk18x9bins.50,0.042365484,0,0.053045154,0.1323136,0.13286449,0.027644953,0.037548523,0,0.23361288,0.06841323,0.31500316,0,0.072835706,0.08750795,0,0,0,0.0744836,0.021801662,0
jk18x22bins.60,0,0.05285744,0.91095006,0.13988559,0.07971572,0,0.008320556,0,0.030811027,0,0.032062944,0,0.030477477,0.03419368,0.02436699,0.042973224,0.05638735,0.12506576,0.011776839,0
jk18xAbins.11,0,0,0.5146572,0,0,0,0.029582547,0,0,0,0,0.46139327,0,0,0,0,0,0,0.08111206,0.089513116
jk18x40bins.22,0,0,0,0.25727594,0.1883099,0,0.99767816,0.07680185,0.056998014,0,0,0,0,0,0,0,0,0,0,0
jk18x25bins.5,0.033108007,0.25211045,0.080333985,0.80964875,0.12487922,0.16198778,0.13387914,0.021900527,0.08715502,0.036032166,0.14490996,0.1904337,0.08857891,0.038266152,0.055274136,0.020251893,0.04900382,0.105438955,0.059197046,0.06552514
p16x44bins.6,0,0.03448342,0.05098168,0.033117335,0.026779123,0,0.041148033,0,0.016479516,0,0,0.016716849,0.035168514,0,0.6726113,0.2632867,0,0.051410582,0.025404876,0
p16x57bins.17,0,0,0.022544147,0,0,0,0.012522583,0,0,0,0,0,0,0.076384544,0.034676883,0.0118523305,0.21595995,0.55667967,0,0
jk18x8bins.21,0.005677499,0.016515782,0.010807301,0,0,0,0,0,0.017541114,0.3211368,0.04222371,0.010062104,0.040981065,0,0.012275116,0,0,0,0,0
jk18x9bins.12,0.041333243,0.023674091,0.055121217,0,0,0,0.013506405,0,0.16973434,0.15578292,0.95005494,0.023524918,0,0,0,0,0,0,0.018900145,0.011778849
jk18xAbins.52,0,0.042922627,0.022552077,0.02038577,0,0,0.01377453,0,0.0078861695,0,0,0.90680337,0,0,0.03313323,0.021901613,0.017901791,0.027630057,0.02904689,0.020143148
p16x60bins.4,0.008531496,0.048725106,0.065469995,0.06403259,0.05983472,0.035509698,0.051430296,0.017197995,0.05197717,0.018876625,0.036421876,0.011818092,0.12420765,0.3862034,0.13310796,0.08437687,0.1417526,0.248396,0.07465546,0.038313802
jk18x1bzbins.64,0,0.5153372,0,0,0,0,0,0,0,0,0,0.06171533,0,0,0,0,0,0,0,0
jk18x1bzbins.29,0.00370614,0.6790991,0,0.034665182,0.042847734,0.08775742,0,0,0.007533909,0,0.018348638,0.0125582935,0.031338267,0,0.01535782,0,0.020102121,0.0075682513,0.033355843,0
jk18x27bins.27,0,0,0,0.07269721,0.56690323,1.464141,0.026321605,0,0.0052130036,0,0.01883697,0,0.11726493,0.05075915,0.047012646,0.01162439,0.01866052,0.065762326,0.023524545,0.025526281
jk18x11bins.7,0.14400902,0,0,0,0.040293753,0,0.038322024,0.022999318,0.07843453,0.25452363,0.12907496,0.014074171,0,0,0.03340102,0.022295224,0.015730897,0.021332173,0,0
p16x63bins.72,0.02463192,0,0.043065306,0.03013055,0.076238416,0.11090589,0.01532774,0,0.030382339,0.036755674,0.13104434,0.008467836,0.033973143,0.040511243,0.0583378,0.025956519,0.019204523,0.06675401,0.27167353,0.13734402
jk18x7bins.10,0,0,0,0,0,0,0,0,0.17290083,0,0,0,0,0,0,0,0,0,0,0
jk18x8bins.29,0.66623837,0,0,0,0,0,0,0,0.051648363,2.4045339,0.11037325,0,0,0,0,0,0,0,0,0
